Name,Citation,,,,Alloy type,Notes,Solution heat treatment,,,,,,Precipitation heat treatment,,,,,,Composition,,,,,,,,,,,,,,,,,,,,,,,,γ’ fraction,,,γ composition,,,,,,,,,,,,,,,,,,,,,,,,γ’ composition,,,,,,,,,,,,,,,,,,,,,,,,γ/γ’ partitioning ratio,,,,,,,,,,,,,,,,,,,,,,,,Density ,γ lattice param,γ’ lattice param,RT Lattice misfit,,,γ’ mean size,Elastic constants (RT),,,Tensile properties,,,,,,,,,,,,,,,,,,,,,,,,,,,,,,,,Thermal expansivity,,,,Creep life,,,,,,,,,,,,,,,,,,,,,,,,,,,,,,,,,,,,,,,,,,,,,,,,,,,,,,,,,,,,,,,,,,,,,,,,,,,,,,,,,,,,,,,,,,Fatigue life,,,,,,,,,,,,,,,,γ phase SFE,,γ phase SFE,,γ phase SFE,,γ phase SFE,
,Name,DOI,Name,DOI,,,#1,,#2,,#3,,#1,,#2,,#3,,wt. %,,,,,,,,,,,,at. %,,,,,,,,,,,,wt. %,at. %,vol. %,wt. %,,,,,,,,,,,,at. %,,,,,,,,,,,,wt. %,,,,,,,,,,,,at. %,,,,,,,,,,,,wt. %,,,,,,,,,,,,at. %,,,,,,,,,,,,(g/cm^3),(Å),(Å),(a’-a)/a,a’-a,2(a’-a)/(a’+a),(nm),C11,C12,C44,Temp,Yield stress,Ultimate Tensile stress,0.2% proof stress,Elongation,Young’s modulus,Shear modulus,Poisson’s ratio,Temp,Yield stress,Ultimate Tensile stress,0.2% proof stress,Elongation,Young’s modulus,Shear modulus,Poisson’s ratio,Temp,Yield stress,Ultimate Tensile stress,0.2% proof stress,Elongation,Young’s modulus,Shear modulus,Poisson’s ratio,Temp,Yield stress,Ultimate Tensile stress,0.2% proof stress,Elongation,Young’s modulus,Shear modulus,Poisson’s ratio,(10^-5 K^-1),,,,Test conditions,,LMP at 1% creep,LMP at rupture,Time for 1% creep (hrs),Rupture life (hrs),Primary creep strain (%),Primary creep rate (x10^-6 s^-1),Elongation/rupture strain (%),Min./second. creep rate (x10^-8 s^-1),Test conditions,,LMP at 1% creep,LMP at rupture,Time for 1% creep (hrs),Rupture life (hrs),Primary creep strain (%),Primary creep rate (x10^-6 s^-1),Elongation/rupture strain (%),Min./second. creep rate (x10^-8 s^-1),Test conditions,,LMP at 1% creep,LMP at rupture,Time for 1% creep (hrs),Rupture life (hrs),Primary creep strain (%),Primary creep rate (x10^-6 s^-1),Elongation/rupture strain (%),Min./second. creep rate (x10^-8 s^-1),Test conditions,,LMP at 1% creep,LMP at rupture,Time for 1% creep (hrs),Rupture life (hrs),Primary creep strain (%),Primary creep rate (x10^-6 s^-1),Elongation/rupture strain (%),Min./second. creep rate (x10^-8 s^-1),Test conditions,,LMP at 1% creep,LMP at rupture,Time for 1% creep (hrs),Rupture life (hrs),Primary creep strain (%),Primary creep rate (x10^-6 s^-1),Elongation/rupture strain (%),Min./second. creep rate (x10^-8 s^-1),Test conditions,,LMP at 1% creep,LMP at rupture,Time for 1% creep (hrs),Rupture life (hrs),Primary creep strain (%),Primary creep rate (x10^-6 s^-1),Elongation/rupture strain (%),Min./second. creep rate (x10^-8 s^-1),Test conditions,,LMP at 1% creep,LMP at rupture,Time for 1% creep (hrs),Rupture life (hrs),Primary creep strain (%),Primary creep rate (x10^-6 s^-1),Elongation/rupture strain (%),Min./second. creep rate (x10^-8 s^-1),Test conditions,,LMP at 1% creep,LMP at rupture,Time for 1% creep (hrs),Rupture life (hrs),Primary creep strain (%),Primary creep rate (x10^-6 s^-1),Elongation/rupture strain (%),Min./second. creep rate (x10^-8 s^-1),Test conditions,,LMP at 1% creep,LMP at rupture,Time for 1% creep (hrs),Rupture life (hrs),Primary creep strain (%),Primary creep rate (x10^-6 s^-1),Elongation/rupture strain (%),Min./second. creep rate (x10^-8 s^-1),Temperature,Frequency,Max stress,Cycles to failure,Temperature,Frequency,Max stress,Cycles to failure,Temperature,Frequency,Max stress,Cycles to failure,Temperature,Frequency,Max stress,Cycles to failure,Temp (ºC),mJ/m^2,Temp (ºC),mJ/m^2,Temp (ºC),mJ/m^2,Temp (ºC),mJ/m^2
,,,,,,,Temp (ºC),Time (hrs),Temp (ºC),Time (hrs),Temp (ºC),Time (hrs),Temp (ºC),Time (hrs),Temp (ºC),Time (hrs),Temp (ºC),Time (hrs),Ni,Cr,Co ,Re,Ru,Al,Ta,W,Ti,Mo,Nb,Hf,Ni,Cr,Co ,Re,Ru,Al,Ta,W,Ti,Mo,Nb,Hf,,,,Ni,Cr,Co ,Re,Ru,Al,Ta,W,Ti,Mo,Nb,Hf,Ni,Cr,Co ,Re,Ru,Al,Ta,W,Ti,Mo,Nb,Hf,Ni,Cr,Co ,Re,Ru,Al,Ta,W,Ti,Mo,Nb,Hf,Ni,Cr,Co ,Re,Ru,Al,Ta,W,Ti,Mo,Nb,Hf,Ni,Cr,Co ,Re,Ru,Al,Ta,W,Ti,Mo,Nb,Hf,Ni,Cr,Co ,Re,Ru,Al,Ta,W,Ti,Mo,Nb,Hf,,,,(%),(Å),(%),,(GPa) ,,,(ºC),(MPa)  ,(MPa)  ,(MPa)  ,%,(GPa) ,(GPa) ,-,(ºC),(MPa)  ,(MPa)  ,(MPa)  ,%,(GPa) ,(GPa) ,-,(ºC),(MPa)  ,(MPa)  ,(MPa)  ,%,(GPa) ,(GPa) ,-,(ºC),(MPa)  ,(MPa)  ,(MPa)  ,%,(GPa) ,(GPa) ,-,400 K,700 K,1000 K,1300 K,Temp (ºC),Stress (MPa) ,,,,,,,,,Temp (ºC),Stress (MPa) ,,,,,,,,,Temp (ºC),Stress (MPa) ,,,,,,,,,Temp (ºC),Stress (MPa) ,,,,,,,,,Temp (ºC),Stress (MPa) ,,,,,,,,,Temp (ºC),Stress (MPa) ,,,,,,,,,Temp (ºC),Stress (MPa) ,,,,,,,,,Temp (ºC),Stress (MPa) ,,,,,,,,,Temp (ºC),Stress (MPa) ,,,,,,,,,(ºC),(Hz),(MPa) ,,(ºC),(Hz),(MPa) ,,(ºC),(Hz),(MPa) ,,(ºC),(Hz),(MPa) ,,,,,,,,,
MC2,Duval et al 94,10.1016/0956-7151(94)90061-2,,,sc,,1300,3,-,-,-,-,1100,4,850,24,-,-,,,,,,,,,,,,,65.9,9.3,5.1,-,-,11.2,2,2.6,2.5,1.3,-,-,,,69,,,,,,,,,,,,,55.2,25.9,9.1,-,-,2.3,0.3,4.1,0.3,2.8,-,-,,,,,,,,,,,,,70.9,1.8,3.5,-,-,14.8,2.2,3.1,3.1,0.6,-,-,,,,,,,,,,,,,,,,,,,,,,,,,,,,,,,,,,,,,,,,,,,,,,,,,,,,,,,,,,,,,,,,,,,,,,,,,,,,,,,,,,,,,,,,,,,,,,,,,,,,,,,,,,,,,,,,,,,,,,,,,,,,,,,,,,,,,,,,,,,,,,,,,,,,,,,,,,,,,,,,,,,,,,,,,,,,,,,,,,,,,,,,
MC2,Duval et al 94,10.1016/0956-7151(94)90061-2,,,sc,,1300,3,-,-,-,-,1100,4,850,24,1050,0.5,,,,,,,,,,,,,65.9,9.3,5.1,-,-,11.2,2,2.6,2.5,1.3,-,-,,,64,,,,,,,,,,,,,58,21.4,8.7,-,-,4.7,0.4,3.8,0.6,2.3,-,-,,,,,,,,,,,,,70.1,2.4,4.1,-,-,14.4,2.4,2.4,3.4,0.9,-,-,,,,,,,,,,,,,,,,,,,,,,,,,,,,,,,,,,,,,,,,,,,,,,,,,,,,,,,,,,,,,,,,,,,,,,,,,,,,,,,,,,,,,,,,,,,,,,,,,,,,,,,,,,,,,,,,,,,,,,,,,,,,,,,,,,,,,,,,,,,,,,,,,,,,,,,,,,,,,,,,,,,,,,,,,,,,,,,,,,,,,,,,
MC2,Duval et al 94,10.1016/0956-7151(94)90061-1,,,sc,,1300,3,-,-,-,-,1100,4,850,24,1050,10,,,,,,,,,,,,,65.9,9.3,5.1,-,-,11.2,2,2.6,2.5,1.3,-,-,,,48,,,,,,,,,,,,,60.2,15.7,8.1,-,-,8.3,0.9,3.6,1.5,1.7,-,-,,,,,,,,,,,,,70.2,2.9,4.4,-,-,14.3,2.2,2.4,3,0.6,-,-,,,,,,,,,,,,,,,,,,,,,,,,,,,,,,,,,,,,,,,,,,,,,,,,,,,,,,,,,,,,,,,,,,,,,,,,,,,,,,,,,,,,,,,,,,,,,,,,,,,,,,,,,,,,,,,,,,,,,,,,,,,,,,,,,,,,,,,,,,,,,,,,,,,,,,,,,,,,,,,,,,,,,,,,,,,,,,,,,,,,,,,,
MC2,Duval et al 94,10.1016/0956-7151(94)900610,,,sc,,1300,3,-,-,-,-,1100,4,850,24,1050,100,,,,,,,,,,,,,65.9,9.3,5.1,-,-,11.2,2,2.6,2.5,1.3,-,-,,,51,,,,,,,,,,,,,57.2,19.7,9.1,-,-,6.5,0.6,3.6,0.8,2.5,-,-,,,,,,,,,,,,,68.8,2.5,4.4,-,-,15.7,2.3,2.5,3.3,0.7,-,-,,,,,,,,,,,,,,,,,,,,,,,,,,,,,,,,,,,,,,,,,,,,,,,,,,,,,,,,,,,,,,,,,,,,,,,,,,,,,,,,,,,,,,,,,,,,,,,,,,,,,,,,,,,,,,,,,,,,,,,,,,,,,,,,,,,,,,,,,,,,,,,,,,,,,,,,,,,,,,,,,,,,,,,,,,,,,,,,,,,,,,,,
AM3,Glas et al 1996,10.1016/S1359-6454(96)00096-1,,,sc,Cited as from private communication from Blavette,1300,3,-,-,-,-,1100,4,850,24,-,-,,,,,,,,,,,,,66.5,8.87,5.38,-,-,12.81,1.11,1.56,2.41,1.35,-,-,,,71,,,,,,,,,,,,,52.2,27.1,11.8,-,-,3.7,0.4,1.5,0.36,2.9,-,-,,,,,,,,,,,,,,,,,,,,,,,,,,,,,,,,,,,,,,,,,,,,,,,,,,,,,,,,,,,,,,,,,,,,,,,,,,,,,,,,,,,,,,,,,,,,,,,,,,,,,,,,,,,,,,,,,,,,,,,,,,,,,,,,,,,,,,,,,,,,,,,,,,,,,,,,,,,,,,,,,,,,,,,,,,,,,,,,,,,,,,,,,,,,,,,,,,,,,,,,,,,,,,,,
AM3,Glas et al 1996,10.1016/S1359-6454(96)00096-1,,,γ,Experimental study of single phase (γ) crystals,1300,3,-,-,-,-,-,-,-,-,-,-,,,,,,,,,,,,,-,-,-,-,-,-,-,-,-,-,-,-,-,-,-,,,,,,,,,,,,,52.2,27.1,11.8,-,-,3.7,0.4,1.5,0.36,2.9,-,-,,,,,,,,,,,,,,,,,,,,,,,,,,,,,,,,,,,,,,,,,,,,,,,,,,,,,,,,,,,,,,,,,,,,,,,,,,,,,,,,,,,,,,,,,,,,,,,,,,,,,,,,,,,,,,,,,,,,,,,,,,,,,,,,,,,,,,,,,,,,,,,,,,,,,,,,,,,,,,,,,,,,,,,,,,,,,,,,,,,,,,,,,,,,,,,,,,,,,,,,,,,,,,,,
MC2,Glas et al 1996,10.1016/S1359-6454(96)00096-1,Benyoucef et al (96),10.1051/mmm:1996106,γ,Experimental study of single phase (γ) crystals,1300,3,-,-,-,-,-,-,-,-,-,-,,,,,,,,,,,,,-,-,-,-,-,-,-,-,-,-,-,-,-,-,-,,,,,,,,,,,,,54.93,25.58,9.21,,,2.84,0.29,4.23,0.25,2.67,-,-,,,,,,,,,,,,,,,,,,,,,,,,,,,,,,,,,,,,,,,,,,,,,,,,,,,,,,,,,,,,,,,,,,,,,,,,,,,,,,,,,,,,,,,,,,,,,,,,,,,,,,,,,,,,,,,,,,,,,,,,,,,,,,,,,,,,,,,,,,,,,,,,,,,,,,,,,,,,,,,,,,,,,,,,,,,,,,,,,,,,,,,,,,,,,,,,,,,,,,,,,25,21,,,,,,
TMS-63,Harada et al 93,10.1016/0169-4332(93)90329-A,,,sc,Composition was determined on ruptured sample,1300,4,-,-,-,-,982,5,870,20,1040,3,,,,,,,,,,,,,72,7.8,-,-,-,12.7,2.8,-,-,4.6,-,-,,,58,,,,,,,,,,,,,,,,,,,,,,,,,,,,,,,,,,,,,71.4,3,-,-,-,16.8,5.5,-,-,3,-,-,,,,,,,,,,,,,,,,,,,,,,,,,,,,,,,,,,,,,,,,,,,,,,,,,,,,,,,,,,,,,,,,,,,,,,,,,,,,,,,,,,,,,,,,,,,,,,,,,,,,,,,,,,,,,,,,,,,,,,,,,,,,,,,,,,,1040,137,,,,2657,,,,,,,,,,,,,,,,,,,,,,,,,,,,,,,,,,,,,,,,,,,,,,,,
TMS-1,Harada et al 88,Superalloys 1988 conf. proc. ,,,sc,,1100,30,-,-,-,-,900,1500,-,-,-,-,60.1,5.5,7.5,-,-,5.2,5.1,16.6,-,-,-,-,,,,,,,,,,,,,,64,,,,,,,,,,,,,,59,15.5,13.6,-,-,3.9,0.6,7.4,-,-,-,-,,,,,,,,,,,,,68.3,2.6,5.5,-,-,16.2,2.4,5,-,-,-,-,,,,,,,,,,,,,,,,,,,,,,,,,,,,,,,,,,,,,,,,,,,,,,,,,,,,,,,,,,,,,,,,,,,,,,,,,,,,,,,,,,,,,,,,,,,,,,,,,,,,,,,,,,,,,,,,,,,,,,,,,,,,,,,,,,,,,,,,,,,,,,,,,,,,,,,,,,,,,,,,,,,,,,,,,,,,,,,,,,,,,,,,
Alloy 454,Harada et al 88,Superalloys 1988 conf. proc. ,,,sc,,1100,30,-,-,-,-,900,1500,-,-,-,-,62.5,10,5,-,-,5,12,4,1.5,-,-,-,,,,,,,,,,,,,,59,,,,,,,,,,,,,,60.8,23.6,8.2,-,-,3.3,1.4,2,0.7,-,-,-,,,,,,,,,,,,,68.4,3.1,2.9,-,-,16.8,5.3,0.8,2.7,-,-,-,,,,,,,,,,,,,,,,,,,,,,,,,,,,,,,,,,,,,,,,,,,,,,,,,,,,,,,,,,,,,,,,,,,,,,,,,,,,,,,,,,,,,,,,,,,,,,,,,,,,,,,,,,,,,,,,,,,,,,,,,,,,,,,,,,,,,,,,,,,,,,,,,,,,,,,,,,,,,,,,,,,,,,,,,,,,,,,,,,,,,,,,
MXON,Harada et al 88,Superalloys 1988 conf. proc. ,,,sc,,1100,30,-,-,-,-,900,1500,-,-,-,-,64.9,8,5,-,-,6.1,6,8,-,2,-,-,,,,,,,,,,,,,,,69,,,,,,,,,,,,,,,,,,,,,,,,,,,,,,,,,,,,,70.5,2.7,3,-,-,17.9,2.5,2.7,-,0.7,-,-,,,,,,,,,,,,,,,,,,,,,,,,,,,,,,,,,,,,,,,,,,,,,,,,,,,,,,,,,,,,,,,,,,,,,,,,,,,,,,,,,,,,,,,,,,,,,,,,,,,,,,,,,,,,,,,,,,,,,,,,,,,,,,,,,,,,,,,,,,,,,,,,,,,,,,,,,,,,,,,,,,,,,,,,,,,,,,,,,,,,,,,,
TM-53,Harada et al 88,Superalloys 1988 conf. proc. ,,,exp,,1100,30,-,-,-,-,900,1500,-,-,-,-,,,,,,,,,,,,,,,,,,,,,,,,,,66,,,,,,,,,,,,,,50.9,26.5,13.6,-,-,3.1,0.2,4.2,1.5,-,-,-,,,,,,,,,,,,,69,3.5,5.6,-,-,11.5,1.2,1.6,7.6,-,-,-,,,,,,,,,,,,,,,,,,,,,,,,,,,,,,,,,,,,,,,,,,,,,,,,,,,,,,,,,,,,,,,,,,,,,,,,,,,,,,,,,,,,,,,,,,,,,,,,,,,,,,,,,,,,,,,,,,,,,,,,,,,,,,,,,,,,,,,,,,,,,,,,,,,,,,,,,,,,,,,,,,,,,,,,,,,,,,,,,,,,,,,,
Inconel 738lc,Harada et al 88,Superalloys 1988 conf. proc. ,,,cc,,1100,30,-,-,-,-,900,1500,-,-,-,-,,,,,,,,,,,,,,,,,,,,,,,,,,42,,,,,,,,,,,,,,53.6,27.2,11.7,-,-,3.2,0.2,0.9,1.4,1.5,0.3,-,,,,,,,,,,,,,70,3.3,3.8,-,-,12.9,0.9,0.5,7.4,0.3,0.9,-,,,,,,,,,,,,,,,,,,,,,,,,,,,,,,,,,,,,,,,,,,,,,,,,,,,,,,,,,,,,,,,,,,,,,,,,,,,,,,,,,,,,,,,,,,,,,,,,,,,,,,,,,,,,,,,,,,,,,,,,,,,,,,,,,,,,,,,,,,,,,,,,,,,,,,,,,,,,,,,,,,,,,,,,,,,,,,,,,,,,,,,,
B1900Hf,Harada et al 88,Superalloys 1988 conf. proc. ,,,cc,,1100,30,-,-,-,-,900,1500,-,-,-,-,,,,,,,,,,,,,,,,,,,,,,,,,,52,,,,,,,,,,,,,,59.4,14.8,14.8,-,-,5.5,0.4,-,0.3,4.7,-,0.1,,,,,,,,,,,,,65.7,3.4,5.4,-,-,19.7,1.8,-,1.2,2.2,-,0.6,,,,,,,,,,,,,,,,,,,,,,,,,,,,,,,,,,,,,,,,,,,,,,,,,,,,,,,,,,,,,,,,,,,,,,,,,,,,,,,,,,,,,,,,,,,,,,,,,,,,,,,,,,,,,,,,,,,,,,,,,,,,,,,,,,,,,,,,,,,,,,,,,,,,,,,,,,,,,,,,,,,,,,,,,,,,,,,,,,,,,,,,
MarM247DS,Harada et al 88,Superalloys 1988 conf. proc. ,,,ds,,1100,30,-,-,-,-,900,1500,-,-,-,-,,,,,,,,,,,,,,,,,,,,,,,,,,59,,,,,,,,,,,,,,56.3,17.5,16.2,-,-,5.5,0.3,3.2,0.4,0.5,-,0.1,,,,,,,,,,,,,66.5,3.3,6.4,-,-,17.3,1.2,2.8,1.7,0.2,-,0.6,,,,,,,,,,,,,,,,,,,,,,,,,,,,,,,,,,,,,,,,,,,,,,,,,,,,,,,,,,,,,,,,,,,,,,,,,,,,,,,,,,,,,,,,,,,,,,,,,,,,,,,,,,,,,,,,,,,,,,,,,,,,,,,,,,,,,,,,,,,,,,,,,,,,,,,,,,,,,,,,,,,,,,,,,,,,,,,,,,,,,,,,
CMSX-2,Harada et al 88,Superalloys 1988 conf. proc. ,,,sc,,1100,30,-,-,-,-,900,1500,-,-,-,-,66.6,8,4.6,-,-,5.6,5.8,7.9,0.9,0.6,-,-,,,,,,,,,,,,,,,68,,,,,,,,,,,,,,,,,,,,,,,,,,,,,,,,,,,,,70.5,2.4,3.2,-,-,16.7,3,2.4,1.6,0.2,-,-,,,,,,,,,,,,,,,,,,,,,,,,,,,,,,,,,,,,,,,,,,,,,,,,,,,,,,,,,,,,,,,,,,,,,,,,,,,,,,,,,,,,,,,,,,,,,,,,,,,,,,,,,,,,,,,,,,,,,,,,,,,,,,,,,,,,,,,,,,,,,,,,,,,,,,,,,,,,,,,,,,,,,,,,,,,,,,,,,,,,,,,,
CMSX-2,"Caron, Khan 86",10.1179/mst.1986.2.5.486,,,sc,High gradient crystals; mean precipitate size varies,1315,0.5,-,-,-,-,980,5,850,48,-,-,66.6,8,4.6,-,-,5.6,5.8,7.9,0.9,0.6,-,-,,,,,,,,,,,,,,,68,,,,,,,,,,,,,,,,,,,,,,,,,69.25,2.05,3.15,-,-,7.55,9.15,7.25,1.3,0.3,-,-,,,,,,,,,,,,,,,,,,,,,,,,,,,,,,,,,,,,,,,3.5865,0.14,,,305,,,,,,,,,,,,,,,,,,,,,,,,,,,,,,,,,,,,,,,,760,750,,,54,569,,,,,850,500,,,38,198,,,,,,,,,,,,,,,950,240,,,97.5,263.5,,,,,,,,,,,,,,,1050,120,,,331.5,464.5,,,,,,,,,,,,,,,,,,,,,,,,,,,,,,,,,,,870,50,900,8.462E+05,,,,,870,50,800,2.748E+06,870,50,700,2.075E+07,,,,,,,,
CMSX-2,"Caron, Khan 86",10.1179/mst.1986.2.5.486,,,sc,High gradient crystals,1315,0.5,-,-,-,-,1050,16,850,48,-,-,66.6,8,4.6,-,-,5.6,5.8,7.9,0.9,0.6,-,-,,,,,,,,,,,,,,,68,,,,,,,,,,,,,,,,,,,,,,,,,69.25,2.05,3.15,-,-,7.55,9.15,7.25,1.3,0.3,-,-,,,,,,,,,,,,,,,,,,,,,,,,,,,,,,,,,,,,,,,3.5865,0.14,,,450,,,,,,,,,,,,,,,,,,,,,,,,,,,,,,,,,,,,,,,,760,750,,,120,1048.5,,,,,850,500,,,100.5,346,,,,,900,380,,,72.5,228.5,,,,,950,240,,,138.5,378,,,,,1000,200,,,66.5,176.5,,,,,1050,120,,,728.5,881,,,,,1050,140,,,173,269,,,,,,,,,,,,,,,,,,,,,,,,,870,50,900,1.258E+06,870,50,850,1.500E+06,870,50,800,2.993E+06,870,50,700,1.775E+07,,,,,,,,
MXON-0 Co,"Caron, Khan, Duret 84",Superalloys 1984 conf. proc. ,,,sc,,1310,0.5,-,-,-,-,1100,4,850,24,-,-,69.9,8,-,-,-,6.1,6,8,-,2,-,-,,,,,,,,,,,,,66.8,,,,,,,,,,,,,,,,,,,,,,,,,,,73,2.3,-,-,-,8.5,7.6,7.7,-,0.9,-,-,,,,,,,,,,,,,,,,,,,,,,,,,,,,,,,,,,,,,,,3.5842,,,,417,,,,,,,,,,,,,,,,,,,,,,,,,,,,,,,,,,,,,,,,760,750,,,330,1189,,,8.9,0.62,,,,,,,,,,,,,,,,,,,,,950,240,,,168,513,,,23.6,0.86,1000,200,,,117,248,,,14,1.3,,,,,,,,,,,1050,140,,,552,671,,,13.7,0.17,,,,,,,,,,,,,,,,,,,,,,,,,,,,,,,,,,,,,,,,,,,,
MXON,"Caron, Khan, Duret 84",Superalloys 1984 conf. proc. ,,,sc,,1310,0.5,-,-,-,-,1100,4,850,24,-,-,64.9,8,5,-,-,6.1,6,8,-,2,-,-,,,,,,,,,,,,,68.8,,,,,,,,,,,,,,,,,,,,,,,,,,,69.5,2.3,3,-,-,8.11,7.7,8.4,-,1,-,-,,,,,,,,,,,,,,,,,,,,,,,,,,,,,,,,,,,,,,,3.5849,-0.021,,,361,,,,,,,,,,,,,,,,,,,,,,,,,,,,,,,,,,,,,,,,760,750,,,234,1190,,,14.9,0.91,,,,,,,,,,,,,,,,,,,,,950,240,,,109,374,,,25.6,1.91,1000,200,,,,,,,,,,,,,,,,,,,1050,140,,,550,808,,,-,0.12,,,,,,,,,,,,,,,,,,,,,870,50,900,1.731E+06,870,50,850,2.642E+06,870,50,800,6.960E+06,870,50,700,2.292E+07,,,,,,,,
MXON,"Caron, Khan, Duret 84",Superalloys 1984 conf. proc. ,,,sc,,1310,1,-,-,-,-,1100,4,850,24,-,-,64.9,8,5,-,-,6.1,6,8,-,2,-,-,,,,,,,,,,,,,68.8,,,,,,,,,,,,,,,,,,,,,,,,,,,,,,,,,,,,,,,,,,,,,,,,,,,,,,,,,,,,,,,,,,,,,,,,,,,,,3.5849,,,,,,,,,,,,,,,,,,,,,,,,,,,,,,,,,,,,,,,,,,,,,,,,,,,,,,,,,,,,,,,,,,,,,,,,,,950,240,,,142,408,,,25.5,1.61,1000,200,,,118,273,,,17.5,1.44,,,,,,,,,,,1050,140,,,685,829,,,-,0.18,,,,,,,,,,,,,,,,,,,,,,,,,,,,,,,,,,,,,,,,,,,,
MXON,"Caron, Khan, Duret 84",Superalloys 1984 conf. proc. ,,,sc,,1310,6,-,-,-,-,1100,4,850,24,-,-,64.9,8,5,-,-,6.1,6,8,-,2,-,-,,,,,,,,,,,,,68.8,,,,,,,,,,,,,,,,,,,,,,,,,,,,,,,,,,,,,,,,,,,,,,,,,,,,,,,,,,,,,,,,,,,,,,,,,,,,,3.5849,,,,,,,,,,,,,,,,,,,,,,,,,,,,,,,,,,,,,,,,,,,,,,,,,,,,,,,,,,,,,,,,,,,,,,,,,,950,240,,,183,531,,,32.3,1.17,1000,200,,,105,265,,,-,1.59,,,,,,,,,,,1050,140,,,,,,,,,,,,,,,,,,,,,,,,,,,,,,,,,,,,,,,,,,,,,,,,,,,,
MXON-7.5 Co,"Caron, Khan, Duret 84",Superalloys 1984 conf. proc. ,,,sc,,1310,0.5,-,-,-,-,1100,4,850,24,-,-,62.4,8,7.5,-,-,6.1,6,8,-,2,-,-,,,,,,,,,,,,,69.6,,,,,,,,,,,,,,,,,,,,,,,,,,,67.9,2.1,4.7,-,-,8.5,7.6,8.2,-,1.1,-,-,,,,,,,,,,,,,,,,,,,,,,,,,,,,,,,,,,,,,,,3.5847,,,,346,,,,,,,,,,,,,,,,,,,,,,,,,,,,,,,,,,,,,,,,760,750,,,1,778,,,18.7,1.85,,,,,,,,,,,,,,,,,,,,,950,240,,,154,415,,,25,1.73,1000,200,,,63,197,,,20.4,2.91,,,,,,,,,,,1050,140,,,450,591,,,7.7,0.26,,,,,,,,,,,,,,,,,,,,,,,,,,,,,,,,,,,,,,,,,,,,
PWA 1480,Miller et al 94,10.1016/0169-4332(94)90339-5,,,sc,Approx. gamma’ fraction,1288,4,-,-,-,-,1079,4,-,-,-,-,,,,,,,,,,,,,65.1,11.5,5.1,-,-,11,4,1.4,1.9,-,-,-,,,70,,,,,,,,,,,,,55.8,26.5,9.6,-,-,3.4,0.7,3.5,0.5,-,-,-,,,,,,,,,,,,,73.1,2.3,3.5,-,-,14.9,2.4,1.4,2.4,-,-,-,,,,,,,,,,,,,,,,,,,,,,,,,,,,,,,500,,,,,,,,,,,,,,,,,,,,,,,,,,,,,,,,,,,,,,,,,,,,,,,,,,,,,,,,,,,,,,,,,,,,,,,,,,,,,,,,,,,,,,,,,,,,,,,,,,,,,,,,,,,,,,,,,,,,,,,,,,,,,,,,,,,,,,,,,,,,,,,,,,,,,,,,,
PWA 1480,Miller et al 94,10.1016/0169-4332(94)90339-5,,,sc,Approx. gamma’ fraction,1288,4,-,-,-,-,1079,4,871,32,-,-,,,,,,,,,,,,,65.1,11.5,5.1,-,-,11,4,1.4,1.9,-,-,-,,,70,,,,,,,,,,,,,54.5,26.2,11.4,-,-,3,1.2,3.4,0.3,-,-,-,,,,,,,,,,,,,68.3,1.4,2.9,-,-,17,7.2,0.9,2.3,-,-,-,,,,,,,,,,,,,,,,,,,,,,,,,,,,,,,500,,,,,,,,,,,,,,,,,,,,,,,,,,,,,,,,,,,,,,,,,,,,,,,,,,,,,,,,,,,,,,,,,,,,,,,,,,,,,,,,,,,,,,,,,,,,,,,,,,,,,,,,,,,,,,,,,,,,,,,,,,,,,,,,,,,,,,,,,,,,,,,,,,,,,,,,,
AM1,Royer et al 98,10.1016/S1359-6454(98)00206-7,,,sc,Standard heat treatment – not clear what this means,1300,3,-,-,-,-,1050,16,-,-,-,-,,,,,,,,,,,,,65.6,8.7,6.6,-,-,11.8,2.7,1.8,1.5,1.3,-,-,,,70,,,,,,,,,,,,,54,26.1,11.1,-,-,3,0.7,2.3,0.4,2.5,-,-,,,,,,,,,,,,,72.1,2.1,2.1,-,-,15.2,3.7,2,2.1,0.7,-,-,,,,,,,,,,,,,,,,,,,,,,,,,,,,,,-0.06,,,,,,,,,,,,,,,,,,,,,,,,,,,,,,,,,,,,,,,,,,,,,,,,,,,,,,,,,,,,,,,,,,,,,,,,,,,,,,,,,,,,,,,,,,,,,,,,,,,,,1050,150,,,118,,,,,,,,,,,,,,,,,,,,,,,,,,,,,,,,,,,,,,,,,,,,,,,,,
AM1,Diologent and Caron 2004,10.1016/j.msea.2004.07.016,,,sc,g’ phase data from unavailable thesis (91),1300,3,-,-,-,-,1000,2.5,850,24,-,-,63.8,7.8,6.5,-,-,5.2,7.9,5.7,1.1,2,-,-,,,,,,,,,,,,,,,70,,,,,,,,,,,,,54.9,26.1,11.1,-,-,2,0.7,2.3,0.4,2.5,-,-,,,,,,,,,,,,,,,,,,,,,,,,,,,,,,,,,,,,,,,,,,,,,,,,,,,,,,,300,,,,,,,,,,,,,,,,,,,,,,,,,,,,,,,,,,,,,,,,760,840,,,9,124.4,0.57,1.6,18.6,14,,,,,,,,,,,,,,,,,,,,,,,,,,,,,,,,,,,,,,,,,,,,,,,,,,,,,,,,,,,,,,,,,,,,,,,,,,,,,,,,,,,,,,,,,,,,,,,,,,,,,,,,
AM1,Diologent and Caron 2005,10.1016/j.msea.2004.07.016,,,sc,Implied same phase composition as above,1300,3,-,-,-,-,1100,9,850,24,-,-,63.8,7.8,6.5,-,-,5.2,7.9,5.7,1.1,2,-,-,,,,,,,,,,,,,,,70,,,,,,,,,,,,,54.9,26.1,11.1,-,-,2,0.7,2.3,0.4,2.5,-,-,,,,,,,,,,,,,,,,,,,,,,,,,,,,,,,,,,,,,,,,,,,,,,,,,,,,,,,480,,,,,,,,,,,,,,,,,,,,,,,,,,,,,,,,,,,,,,,,760,840,,,30,164.9,0.25,-,11.8,6.6,,,,,,,,,,,,,,,,,,,,,,,,,,,,,,,,,,,,,,,,,,,,,,,,,,,,,,,,,,,,,,,,,,,,,,,,,,,,,,,,,,,,,,,,,,,,,,,,,,,,,,,,
AM1,Diologent and Caron 2005,10.1016/j.msea.2004.07.016,,,sc,Implied same phase composition as above,1300,3,-,-,-,-,1180,0.25,1160,8,850,24,63.8,7.8,6.5,-,-,5.2,7.9,5.7,1.1,2,-,-,,,,,,,,,,,,,,,70,,,,,,,,,,,,,54.9,26.1,11.1,-,-,2,0.7,2.3,0.4,2.5,-,-,,,,,,,,,,,,,,,,,,,,,,,,,,,,,,,,,,,,,,,,,,,,,,,,,,,,,,,605,,,,,,,,,,,,,,,,,,,,,,,,,,,,,,,,,,,,,,,,760,840,,,14.9,83.2,0.25,-,15.9,14,,,,,,,,,,,,,,,,,,,,,,,,,,,,,,,,,,,,,,,,,,,,,,,,,,,,,,,,,,,,,,,,,,,,,,,,,,,,,,,,,,,,,,,,,,,,,,,,,,,,,,,,
MC534,Diologent and Caron 2005,10.1016/j.msea.2004.07.016,,,sc,2-stage solution heat treatment,1315,3,1345,3,-,-,1120,4,850,24,-,-,68.1,4,-,3,4,5.8,6,5,-,4,-,0.1,,,,,,,,,,,,,,,70,,,,,,,,,,,,,,,,,,,,,,,,,,,,,,,,,,,,,,,,,,,,,,,,,,,,,,,,,,,,,,,,,,,,,,,,,,,,,,-1.42,220,,,,,,,,,,,,,,,,,,,,,,,,,,,,,,,,,,,,,,,,760,840,,,790,2029,0.08,-,12.3,0.3,,,,,,,,,,,,,,,,,,,,,,,,,,,,,,,,,,,,,,,,,,,,,,,,,,,,,,,,,,,,,,,,,,,,,,,,,,,,,,,,,,,,,,,,,,,,,,,,,,,,,,,,
MC544,Diologent and Caron 2005,10.1016/j.msea.2004.07.016,,,sc,2-stage solution heat treatment,1310,3,1340,3,-,-,850,24,,,-,-,70.4,4,-,4,4,6,5,5,0.5,1,-,0.1,,,,,,,,,,,,,,,70,,,,,,,,,,,,,72.68,11.3,-,4.6,5.6,2.9,0.2,1.62,0.1,1,-,0,,,,,,,,,,,,,,2,-,0.4,1.8,17,3,1.7,0.8,0.56,-,0,,,,,,,,,,,,,,,,,,,,,,,,,,,,,,-0.05,310,,,,,,,,,,,,,,,,,,,,,,,,,,,,,,,,,,,,,,,,760,840,,,0.89,42,15.5,41.5,33,51.5,,,,,,,,,,,,,,,,,,,,,,,,,,,,,,,,,,,,,,,,,,,,,,,,,,,,,,,,,,,,,,,,,,,,,,,,,,,,,,,,,,,,,,,,,,,,,,,,,,,,,,,,
MC544,Diologent and Caron 2005,10.1016/j.msea.2004.07.016,,,sc,2-stage solution heat treatment,1310,3,1340,3,-,-,1100,4,850,24,-,-,70.4,4,-,4,4,6,5,5,0.5,1,-,0.1,,,,,,,,,,,,,,,70,,,,,,,,,,,,,,,,,,,,,,,,,,,,,,,,,,,,,,,,,,,,,,,,,,,,,,,,,,,,,,,,,,,,,,,,,,,,,,,480,,,,,,,,,,,,,,,,,,,,,,,,,,,,,,,,,,,,,,,,760,840,,,1.25,143,5.9,6.3,26.9,22.3,,,,,,,,,,,,,,,,,,,,,,,,,,,,,,,,,,,,,,,,,,,,,,,,,,,,,,,,,,,,,,,,,,,,,,,,,,,,,,,,,,,,,,,,,,,,,,,,,,,,,,,,
MC544,Diologent and Caron 2005,10.1016/j.msea.2004.07.016,,,sc,2-stage solution heat treatment,1310,3,1340,3,-,-,1180,0.25,1160,8,850,24,70.4,4,-,4,4,6,5,5,0.5,1,-,0.1,,,,,,,,,,,,,,,70,,,,,,,,,,,,,,,,,,,,,,,,,,,,,,,,,,,,,,,,,,,,,,,,,,,,,,,,,,,,,,,,,,,,,,,,,,,,,,,310,,,,,,,,,,,,,,,,,,,,,,,,,,,,,,,,,,,,,,,,760,840,,,1.74,250,4.5,3.11,21.2,10,,,,,,,,,,,,,,,,,,,,,,,,,,,,,,,,,,,,,,,,,,,,,,,,,,,,,,,,,,,,,,,,,,,,,,,,,,,,,,,,,,,,,,,,,,,,,,,,,,,,,,,,
CMSX-10M,Diologent and Caron 2005,10.1016/j.msea.2004.07.016,,,sc,2-stage solution heat treatment,1337,3,1367,3,-,-,1152,6,870,24,760,30,69.65,2,1.75,6.5,-,5.78,8.2,5.4,0.24,0.4,0.08,-,,,,,,,,,,,,,,,70,,,,,,,,,,,,,,,,,,,,,,,,,,,,,,,,,,,,,,,,,,,,,,,,,,,,,,,,,,,,,,,,,,,,,,,,,,,,,,,360,,,,,,,,,,,,,,,,,,,,,,,,,,,,,,,,,,,,,,,,760,840,,,1.3,202,5.1,-,23.5,13,,,,,,,,,,,,,,,,,,,,,,,,,,,,,,,,,,,,,,,,,,,,,,,,,,,,,,,,,,,,,,,,,,,,,,,,,,,,,,,,,,,,,,,,,,,,,,,,,,,,,,,,
Rene N6,Diologent and Caron 2005,10.1016/j.msea.2004.07.016,,,sc,,1320,3,-,-,-,-,1120,3,1080,3,900,4,57.15,4.5,12.5,5.35,-,6,7.5,5.75,-,1.1,-,0.15,,,,,,,,,,,,,,,70,,,,,,,,,,,,,,,,,,,,,,,,,,,,,,,,,,,,,,,,,,,,,,,,,,,,,,,,,,,,,,,,,,,,,,,,,,,,,,,230,,,,,,,,,,,,,,,,,,,,,,,,,,,,,,,,,,,,,,,,760,840,,,0.56,70,9.7,-,20.2,33.6,,,,,,,,,,,,,,,,,,,,,,,,,,,,,,,,,,,,,,,,,,,,,,,,,,,,,,,,,,,,,,,,,,,,,,,,,,,,,,,,,,,,,,,,,,,,,,,,,,,,,,,,
STAL-15,Segersall et al 2015,10.1016/j.actamat.2015.03.060,,,sc,,1280,1,-,-,-,-,1300,5,1100,6,850,20,,,,,,,,,,,,,62.85,17.74,5.06,-,-,9.94,2.56,1.23,-,0.62,-,-,,,46,,,,,,,,,,,,,54.91,31.29,7.62,-,-,3.21,0.23,1.45,-,0.91,-,-,,,,,,,,,,,,,72.48,1.95,1.96,-,-,16.82,5.65,0.74,-,0.16,-,-,,,,,,,,,,,,,,,,,,,,,,,,,,,,,,,,,,,,,,,,,,,,,,,,,,,,,,,,,,,,,,,,,,,,,,,,,,,,,,,,,,520,22.3,23.6,,,,,,,,450,23,24.2,,,,,,,,280,25.2,26.3,,,,,,,,240,25.8,26.7,,,,,,,,,,,,,,,,,,,,,,,,,,,,,,,,,,,,,,,,,,,,,,,,,,,,,,,,,,,,,,,,,,,,,,
STAL-15-Re,Segersall et al 2015,10.1016/j.actamat.2015.03.060,,,sc,,1280,5,-,-,-,-,1100,6,850,20,-,-,,,,,,,,,,,,,62.56,17.81,5.06,0.64,-,10.03,2.64,0.65,-,0.61,-,-,,,32,,,,,,,,,,,,,58.09,24.61,8.24,1.85,-,3.9,0.19,1.15,-,1.43,-,-,,,,,,,,,,,,,63.12,1.92,1.74,0.04,-,25.06,6.36,1.2,-,0.36,-,-,,,,,,,,,,,,,,,,,,,,,,,,,,,,,,,,,,,,,,,,,,,,,,,,,,,,,,,,,,,,,,,,,,,,,,,,,,,,,,,,,,520,22.7,24,,,,,,,,450,23.4,24.3,,,,,,,,280,25.8,26.6,,,,,,,,240,26.4,26.9,,,,,,,,,,,,,,,,,,,,,,,,,,,,,,,,,,,,,,,,,,,,,,,,,,,,,,,,,,,,,,,,,,,,,,
SRR99,Schmidt and Feller-Kniepmeier 92,10.1007/BF02675552,,,sc,,1300,4,-,-,-,-,-,-,-,-,-,-,,,,,,,,,,,,,66.7,9.6,5,-,-,12,0.9,3,2.7,-,-,-,,,71,,,,,,,,,,,,,,,,,,,,,,,,,,,,,,,,,,,,,69.8,3.3,3.2,-,-,16.3,1.3,2.5,3.7,-,-,-,,,,,,,,,,,,,,,,,,,,,,,,,,,,,,,,,,,,,,,,,,,,,,,,,,,,,,,,,,,,,,,,,,,,,,,,,,,,,,,,,,,,,,,,,,,,,,,,,,,,,,,,,,,,,,,,,,,,,,,,,,,,,,,,,,,,,,,,,,,,,,,,,,,,,,,,,,,,,,,,,,,,,,,,,,,,,,,,,,,,,,,,
SRR99,Schmidt and Feller-Kniepmeier 92,10.1007/BF02675552,,,sc,,1300,4,-,-,-,-,870,16,-,-,-,-,,,,,,,,,,,,,67.7,10.6,6,-,-,13,1.9,4,3.7,1,-,-,,,70.5,,,,,,,,,,,,,,,,,,,,,,,,,,,,,,,,,,,,,70.2,2.6,2.9,-,-,16.8,1.3,2.4,3.8,-,-,-,,,,,,,,,,,,,,,,,,,,,,,,,,,,,,,450,,,,,,,,,,,,,,,,,,,,,,,,,,,,,,,,,,,,,,,,,,,,,,,,,,,,,,,,,,,,,,,,,,,,,,,,,,,,,,,,,,,,,,,,,,,,,,,,,,,,,,,,,,,,,,,,,,,,,,,,,,,,,,,,,,,,,,,,,,,,,,,,,,,,,,,,,
SRR99,Schmidt and Feller-Kniepmeier 92,10.1007/BF02675552,,,sc,,1300,4,-,-,-,-,1080,4,870,16,-,-,,,,,,,,,,,,,68.7,11.6,7,-,-,14,2.9,5,4.7,2,-,-,,,73,,,,,,,,,,,,,,,,,,,,,,,,,,,,,,,,,,,,,70.2,2.8,2.8,-,-,16.8,1.3,2.3,3.7,-,-,-,,,,,,,,,,,,,,,,,,,,,,,,,,,,,,,,,,,,,,,,,,,,,,,,,,,,,,,,,,,,,,,,,,,,,,,,,,,,,,,,,,,,,,,,,,,,,,,,,,,,,,,,,,,,,,,,,,,,,,,,,,,,,,,,,,,,,,,,,,,,,,,,,,,,,,,,,,,,,,,,,,,,,,,,,,,,,,,,,,,,,,,,
SRR99,Schmidt and Feller-Kniepmeier 92,10.1007/BF02675552,,,sc,,1300,4,-,-,-,-,1080,32,870,16,-,-,,,,,,,,,,,,,69.7,12.6,8,-,-,15,3.9,6,5.7,3,-,-,,,66,,,,,,,,,,,,,,,,,,,,,,,,,,,,,,,,,,,,,71.1,3.1,3,-,-,15.4,1.2,2.6,3.6,-,-,-,,,,,,,,,,,,,,,,,,,,,,,,,,,,,,,,,,,,,,,,,,,,,,,,,,,,,,,,,,,,,,,,,,,,,,,,,,,,,,,,,,,,,,,,,,,,,,,,,,,,,,,,,,,,,,,,,,,,,,,,,,,,,,,,,,,,,,,,,,,,,,,,,,,,,,,,,,,,,,,,,,,,,,,,,,,,,,,,,,,,,,,,
Nasair 100,"Nathal and Ebert, 1985",10.1007/BF02814341,,,sc,Avg comp over x2 bars,1302,4,-,-,-,-,982,5,871,20,-,-,68.95,9.17,-,-,-,5.82,2.78,10.72,1.65,0.91,-,-,,,,,,,,,,,,,68,,,,,,,,,,,,,,,,,,,,,,,,,,,,,,,,,,,,,,,,,,,,,,,,,,,,,,,,,,,,,,,,,,,,,,,,,,,,,,,,-0.36,250,,,,925,840,875,,13.5,87.1,,,1000,615,650,,26,82,,,,,,,,,,,,,,,,,,,,,,,925,207,,,289,1039,,,,0.42,925,245,,,,512,,,,1.32,925,275,,,,247,,,,4.59,925,310,,,31,137,,,,7.135,1000,165,,,,372,,,,0.86,1000,185,,,,232,,,,1.94,1000,207,,,16,122,,,,5.42,1000,240,,,,38,,,,26.07,1000,275,,,,20,,,,63.17,,,,,,,,,,,,,,,,,,,,,,,,
Ni,Clement et al 74,10.1080/14786439808206589,,,γ,,-,-,-,-,-,-,-,-,-,-,-,-,-,-,-,-,-,-,-,-,-,-,-,-,,,,,,,,,,,,,-,-,-,100,-,-,-,-,-,-,-,-,-,-,-,,,,,,,,,,,,,,,,,,,,,,,,,,,,,,,,,,,,,,,,,,,,,,,,,,,,,,,,,,,,,,,,,,,,,,,,,,,,,,,,,,,,,,,,,,,,,,,,,,,,,,,,,,,,,,,,,,,,,,,,,,,,,,,,,,,,,,,,,,,,,,,,,,,,,,,,,,,,,,,,,,,,,,,,,,,,,,,,,,,,,,,,,,,,,,,,,,,,,,,,,,,,,,,,,,,,,25,140,,,,,,
Ni20Cr,Clement et al 74,10.1080/14786439808206589,,,γ,,-,-,-,-,-,-,-,-,-,-,-,-,-,-,-,-,-,-,-,-,-,-,-,-,,,,,,,,,,,,,-,-,-,80,20,-,-,-,-,-,-,-,-,-,-,,,,,,,,,,,,,,,,,,,,,,,,,,,,,,,,,,,,,,,,,,,,,,,,,,,,,,,,,,,,,,,,,,,,,,,,,,,,,,,,,,,,,,,,,,,,,,,,,,,,,,,,,,,,,,,,,,,,,,,,,,,,,,,,,,,,,,,,,,,,,,,,,,,,,,,,,,,,,,,,,,,,,,,,,,,,,,,,,,,,,,,,,,,,,,,,,,,,,,,,,,,,,,,,,,,,,25,74,,,,,,
Ni25Cr,Clement et al 74,10.1080/14786439808206589,,,γ,,-,-,-,-,-,-,-,-,-,-,-,-,-,-,-,-,-,-,-,-,-,-,-,-,,,,,,,,,,,,,-,-,-,75,25,-,-,-,-,-,-,-,-,-,-,,,,,,,,,,,,,,,,,,,,,,,,,,,,,,,,,,,,,,,,,,,,,,,,,,,,,,,,,,,,,,,,,,,,,,,,,,,,,,,,,,,,,,,,,,,,,,,,,,,,,,,,,,,,,,,,,,,,,,,,,,,,,,,,,,,,,,,,,,,,,,,,,,,,,,,,,,,,,,,,,,,,,,,,,,,,,,,,,,,,,,,,,,,,,,,,,,,,,,,,,,,,,,,,,,,,,25,77,,,,,,
Ni39Cr,Clement et al 74,10.1080/14786439808206589,,,γ,,-,-,-,-,-,-,-,-,-,-,-,-,-,-,-,-,-,-,-,-,-,-,-,-,,,,,,,,,,,,,-,-,-,61,39,-,-,-,-,-,-,-,-,-,-,,,,,,,,,,,,,,,,,,,,,,,,,,,,,,,,,,,,,,,,,,,,,,,,,,,,,,,,,,,,,,,,,,,,,,,,,,,,,,,,,,,,,,,,,,,,,,,,,,,,,,,,,,,,,,,,,,,,,,,,,,,,,,,,,,,,,,,,,,,,,,,,,,,,,,,,,,,,,,,,,,,,,,,,,,,,,,,,,,,,,,,,,,,,,,,,,,,,,,,,,,,,,,,,,,,,,25,75,,,,,,
Ni41Cr,Clement et al 74,10.1080/14786439808206589,,,γ,,-,-,-,-,-,-,-,-,-,-,-,-,-,-,-,-,-,-,-,-,-,-,-,-,,,,,,,,,,,,,-,-,-,59.2,40.8,-,-,-,-,-,-,-,-,-,-,,,,,,,,,,,,,,,,,,,,,,,,,,,,,,,,,,,,,,,,,,,,,,,,,,,,,,,,,,,,,,,,,,,,,,,,,,,,,,,,,,,,,,,,,,,,,,,,,,,,,,,,,,,,,,,,,,,,,,,,,,,,,,,,,,,,,,,,,,,,,,,,,,,,,,,,,,,,,,,,,,,,,,,,,,,,,,,,,,,,,,,,,,,,,,,,,,,,,,,,,,,,,,,,,,,,,25,75,,,,,,
A,Koester et al 64,10.1080/14786436408225417,,,γ,,-,-,-,-,-,-,-,-,-,-,-,-,-,-,-,-,-,-,-,-,-,-,-,-,,,,,,,,,,,,,-,-,-,70,30,-,-,-,-,-,-,-,-,-,-,,,,,,,,,,,,,,,,,,,,,,,,,,,,,,,,,,,,,,,,,,,,,,,,,,,,,,,,,,,,,,,,,,,,,,,,,,,,,,,,,,,,,,,,,,,,,,,,,,,,,,,,,,,,,,,,,,,,,,,,,,,,,,,,,,,,,,,,,,,,,,,,,,,,,,,,,,,,,,,,,,,,,,,,,,,,,,,,,,,,,,,,,,,,,,,,,,,,,,,,,,,,,,,,,,,,,25,71,,,,,,
C,Koester et al 64,10.1080/14786436408225417,,,γ,,-,-,-,-,-,-,-,-,-,-,-,-,-,-,-,-,-,-,-,-,-,-,-,-,,,,,,,,,,,,,-,-,-,40,10,50,-,-,-,-,-,-,-,-,-,,,,,,,,,,,,,,,,,,,,,,,,,,,,,,,,,,,,,,,,,,,,,,,,,,,,,,,,,,,,,,,,,,,,,,,,,,,,,,,,,,,,,,,,,,,,,,,,,,,,,,,,,,,,,,,,,,,,,,,,,,,,,,,,,,,,,,,,,,,,,,,,,,,,,,,,,,,,,,,,,,,,,,,,,,,,,,,,,,,,,,,,,,,,,,,,,,,,,,,,,,,,,,,,,,,,,26,33,,,,,,
D,Koester et al 64,10.1080/14786436408225417,,,γ,,-,-,-,-,-,-,-,-,-,-,-,-,-,-,-,-,-,-,-,-,-,-,-,-,,,,,,,,,,,,,-,-,-,60,20,20,-,-,-,-,-,-,-,-,-,,,,,,,,,,,,,,,,,,,,,,,,,,,,,,,,,,,,,,,,,,,,,,,,,,,,,,,,,,,,,,,,,,,,,,,,,,,,,,,,,,,,,,,,,,,,,,,,,,,,,,,,,,,,,,,,,,,,,,,,,,,,,,,,,,,,,,,,,,,,,,,,,,,,,,,,,,,,,,,,,,,,,,,,,,,,,,,,,,,,,,,,,,,,,,,,,,,,,,,,,,,,,,,,,,,,,27,71,,,,,,
E,Koester et al 64,10.1080/14786436408225417,,,γ,,-,-,-,-,-,-,-,-,-,-,-,-,-,-,-,-,-,-,-,-,-,-,-,-,,,,,,,,,,,,,-,-,-,60,30,10,-,-,-,-,-,-,-,-,-,,,,,,,,,,,,,,,,,,,,,,,,,,,,,,,,,,,,,,,,,,,,,,,,,,,,,,,,,,,,,,,,,,,,,,,,,,,,,,,,,,,,,,,,,,,,,,,,,,,,,,,,,,,,,,,,,,,,,,,,,,,,,,,,,,,,,,,,,,,,,,,,,,,,,,,,,,,,,,,,,,,,,,,,,,,,,,,,,,,,,,,,,,,,,,,,,,,,,,,,,,,,,,,,,,,,,28,43,,,,,,
F,Koester et al 64,10.1080/14786436408225417,,,γ,,-,-,-,-,-,-,-,-,-,-,-,-,-,-,-,-,-,-,-,-,-,-,-,-,,,,,,,,,,,,,-,-,-,70,20,10,-,-,-,-,-,-,-,-,-,,,,,,,,,,,,,,,,,,,,,,,,,,,,,,,,,,,,,,,,,,,,,,,,,,,,,,,,,,,,,,,,,,,,,,,,,,,,,,,,,,,,,,,,,,,,,,,,,,,,,,,,,,,,,,,,,,,,,,,,,,,,,,,,,,,,,,,,,,,,,,,,,,,,,,,,,,,,,,,,,,,,,,,,,,,,,,,,,,,,,,,,,,,,,,,,,,,,,,,,,,,,,,,,,,,,,29,52,,,,,,
G,Koester et al 64,10.1080/14786436408225417,,,γ,,-,-,-,-,-,-,-,-,-,-,-,-,-,-,-,-,-,-,-,-,-,-,-,-,,,,,,,,,,,,,-,-,-,50,20,30,-,-,-,-,-,-,-,-,-,,,,,,,,,,,,,,,,,,,,,,,,,,,,,,,,,,,,,,,,,,,,,,,,,,,,,,,,,,,,,,,,,,,,,,,,,,,,,,,,,,,,,,,,,,,,,,,,,,,,,,,,,,,,,,,,,,,,,,,,,,,,,,,,,,,,,,,,,,,,,,,,,,,,,,,,,,,,,,,,,,,,,,,,,,,,,,,,,,,,,,,,,,,,,,,,,,,,,,,,,,,,,,,,,,,,,30,50,,,,,,
H,Koester et al 64,10.1080/14786436408225417,,,γ,,-,-,-,-,-,-,-,-,-,-,-,-,-,-,-,-,-,-,-,-,-,-,-,-,,,,,,,,,,,,,-,-,-,40,-,60,-,-,-,-,-,-,-,-,-,,,,,,,,,,,,,,,,,,,,,,,,,,,,,,,,,,,,,,,,,,,,,,,,,,,,,,,,,,,,,,,,,,,,,,,,,,,,,,,,,,,,,,,,,,,,,,,,,,,,,,,,,,,,,,,,,,,,,,,,,,,,,,,,,,,,,,,,,,,,,,,,,,,,,,,,,,,,,,,,,,,,,,,,,,,,,,,,,,,,,,,,,,,,,,,,,,,,,,,,,,,,,,,,,,,,,31,32,,,,,,
I,Koester et al 64,10.1080/14786436408225417,,,γ,,-,-,-,-,-,-,-,-,-,-,-,-,-,-,-,-,-,-,-,-,-,-,-,-,,,,,,,,,,,,,-,-,-,45,-,55,-,-,-,-,-,-,-,-,-,,,,,,,,,,,,,,,,,,,,,,,,,,,,,,,,,,,,,,,,,,,,,,,,,,,,,,,,,,,,,,,,,,,,,,,,,,,,,,,,,,,,,,,,,,,,,,,,,,,,,,,,,,,,,,,,,,,,,,,,,,,,,,,,,,,,,,,,,,,,,,,,,,,,,,,,,,,,,,,,,,,,,,,,,,,,,,,,,,,,,,,,,,,,,,,,,,,,,,,,,,,,,,,,,,,,,32,47,,,,,,
J,Koester et al 64,10.1080/14786436408225417,,,γ,,-,-,-,-,-,-,-,-,-,-,-,-,-,-,-,-,-,-,-,-,-,-,-,-,,,,,,,,,,,,,-,-,-,35,-,65,-,-,-,-,-,-,-,-,-,,,,,,,,,,,,,,,,,,,,,,,,,,,,,,,,,,,,,,,,,,,,,,,,,,,,,,,,,,,,,,,,,,,,,,,,,,,,,,,,,,,,,,,,,,,,,,,,,,,,,,,,,,,,,,,,,,,,,,,,,,,,,,,,,,,,,,,,,,,,,,,,,,,,,,,,,,,,,,,,,,,,,,,,,,,,,,,,,,,,,,,,,,,,,,,,,,,,,,,,,,,,,,,,,,,,,33,20,,,,,,
K,Koester et al 64,10.1080/14786436408225417,,,γ,fcc composition estimated using tielines,-,-,-,-,-,-,-,-,-,-,-,-,-,-,-,-,-,-,-,-,-,-,-,-,,,,,,,,,,,,,-,-,-,55,27,18,-,-,-,-,-,-,-,-,-,,,,,,,,,,,,,,,,,,,,,,,,,,,,,,,,,,,,,,,,,,,,,,,,,,,,,,,,,,,,,,,,,,,,,,,,,,,,,,,,,,,,,,,,,,,,,,,,,,,,,,,,,,,,,,,,,,,,,,,,,,,,,,,,,,,,,,,,,,,,,,,,,,,,,,,,,,,,,,,,,,,,,,,,,,,,,,,,,,,,,,,,,,,,,,,,,,,,,,,,,,,,,,,,,,,,,34,30,,,,,,
L,Koester et al 64,10.1080/14786436408225417,,,γ,fcc composition estimated using tielines,-,-,-,-,-,-,-,-,-,-,-,-,-,-,-,-,-,-,-,-,-,-,-,-,,,,,,,,,,,,,-,-,-,48,25,27,-,-,-,-,-,-,-,-,-,,,,,,,,,,,,,,,,,,,,,,,,,,,,,,,,,,,,,,,,,,,,,,,,,,,,,,,,,,,,,,,,,,,,,,,,,,,,,,,,,,,,,,,,,,,,,,,,,,,,,,,,,,,,,,,,,,,,,,,,,,,,,,,,,,,,,,,,,,,,,,,,,,,,,,,,,,,,,,,,,,,,,,,,,,,,,,,,,,,,,,,,,,,,,,,,,,,,,,,,,,,,,,,,,,,,,35,26,,,,,,
M,Koester et al 64,10.1080/14786436408225417,,,γ,,-,-,-,-,-,-,-,-,-,-,-,-,-,-,-,-,-,-,-,-,-,-,-,-,,,,,,,,,,,,,-,-,-,30,-,70,-,-,-,-,-,-,-,-,-,,,,,,,,,,,,,,,,,,,,,,,,,,,,,,,,,,,,,,,,,,,,,,,,,,,,,,,,,,,,,,,,,,,,,,,,,,,,,,,,,,,,,,,,,,,,,,,,,,,,,,,,,,,,,,,,,,,,,,,,,,,,,,,,,,,,,,,,,,,,,,,,,,,,,,,,,,,,,,,,,,,,,,,,,,,,,,,,,,,,,,,,,,,,,,,,,,,,,,,,,,,,,,,,,,,,,36,9,,,,,,
N,Koester et al 64,10.1080/14786436408225417,,,γ,,-,-,-,-,-,-,-,-,-,-,-,-,-,-,-,-,-,-,-,-,-,-,-,-,,,,,,,,,,,,,-,-,-,40,20,40,-,-,-,-,-,-,-,-,-,,,,,,,,,,,,,,,,,,,,,,,,,,,,,,,,,,,,,,,,,,,,,,,,,,,,,,,,,,,,,,,,,,,,,,,,,,,,,,,,,,,,,,,,,,,,,,,,,,,,,,,,,,,,,,,,,,,,,,,,,,,,,,,,,,,,,,,,,,,,,,,,,,,,,,,,,,,,,,,,,,,,,,,,,,,,,,,,,,,,,,,,,,,,,,,,,,,,,,,,,,,,,,,,,,,,,37,41,,,,,,
P,Koester et al 64,10.1080/14786436408225417,,,γ,fcc composition estimated using tielines,-,-,-,-,-,-,-,-,-,-,-,-,-,-,-,-,-,-,-,-,-,-,-,-,,,,,,,,,,,,,-,-,-,38,25,37,-,-,-,-,-,-,-,-,-,,,,,,,,,,,,,,,,,,,,,,,,,,,,,,,,,,,,,,,,,,,,,,,,,,,,,,,,,,,,,,,,,,,,,,,,,,,,,,,,,,,,,,,,,,,,,,,,,,,,,,,,,,,,,,,,,,,,,,,,,,,,,,,,,,,,,,,,,,,,,,,,,,,,,,,,,,,,,,,,,,,,,,,,,,,,,,,,,,,,,,,,,,,,,,,,,,,,,,,,,,,,,,,,,,,,,38,13,,,,,,
S,Koester et al 64,10.1080/14786436408225417,,,γ,fcc composition estimated using tielines,-,-,-,-,-,-,-,-,-,-,-,-,-,-,-,-,-,-,-,-,-,-,-,-,,,,,,,,,,,,,-,-,-,32,25,43,-,-,-,-,-,-,-,-,-,,,,,,,,,,,,,,,,,,,,,,,,,,,,,,,,,,,,,,,,,,,,,,,,,,,,,,,,,,,,,,,,,,,,,,,,,,,,,,,,,,,,,,,,,,,,,,,,,,,,,,,,,,,,,,,,,,,,,,,,,,,,,,,,,,,,,,,,,,,,,,,,,,,,,,,,,,,,,,,,,,,,,,,,,,,,,,,,,,,,,,,,,,,,,,,,,,,,,,,,,,,,,,,,,,,,,39,11,,,,,,
T,Koester et al 64,10.1080/14786436408225417,,,γ,,-,-,-,-,-,-,-,-,-,-,-,-,-,-,-,-,-,-,-,-,-,-,-,-,,,,,,,,,,,,,-,-,-,30,20,50,-,-,-,-,-,-,-,-,-,,,,,,,,,,,,,,,,,,,,,,,,,,,,,,,,,,,,,,,,,,,,,,,,,,,,,,,,,,,,,,,,,,,,,,,,,,,,,,,,,,,,,,,,,,,,,,,,,,,,,,,,,,,,,,,,,,,,,,,,,,,,,,,,,,,,,,,,,,,,,,,,,,,,,,,,,,,,,,,,,,,,,,,,,,,,,,,,,,,,,,,,,,,,,,,,,,,,,,,,,,,,,,,,,,,,,40,20,,,,,,
U,Koester et al 64,10.1080/14786436408225417,,,γ,,-,-,-,-,-,-,-,-,-,-,-,-,-,-,-,-,-,-,-,-,-,-,-,-,,,,,,,,,,,,,-,-,-,30,10,60,-,-,-,-,-,-,-,-,-,,,,,,,,,,,,,,,,,,,,,,,,,,,,,,,,,,,,,,,,,,,,,,,,,,,,,,,,,,,,,,,,,,,,,,,,,,,,,,,,,,,,,,,,,,,,,,,,,,,,,,,,,,,,,,,,,,,,,,,,,,,,,,,,,,,,,,,,,,,,,,,,,,,,,,,,,,,,,,,,,,,,,,,,,,,,,,,,,,,,,,,,,,,,,,,,,,,,,,,,,,,,,,,,,,,,,41,15,,,,,,
Alloy 1,Loomis et al 72,10.1007/bf02647677,,,sc,,1232,12,-,-,-,-,760,1000,-,-,-,-,,,,,,,,,,,,,78.34,15.19,-,-,-,6.47,-,-,-,-,-,-,,3,,,,,,,,,,,,,,,,,,,,,,,,,,,,,,,,,,,,,,76.3,7.2,-,-,-,16.5,-,-,-,-,-,-,,,,,,,,,,,,,,,,,,,,,,,,,,3.5537,3.5595,,0.00571,,,,,,,,,,,,,,,,,,,,,,,,,,,,,,,,,,,,,,,,,,,,,,,,,,,,,,,,,,,,,,,,,,,,,,,,,,,,,,,,,,,,,,,,,,,,,,,,,,,,,,,,,,,,,,,,,,,,,,,,,,,,,,,,,,,,,,,,,,,,,,,,,,,,,,,,,,,
Alloy 2,Loomis et al 72,10.1007/bf02647677,,,sc,,1232,12,-,-,-,-,760,1000,-,-,-,-,,,,,,,,,,,,,77.41,14.95,-,-,-,6.44,-,-,-,1.2,-,-,,10,,,,,,,,,,,,,,,,,,,,,,,,,,,,,,,,,,,,,,77.5,4.3,-,-,-,16.4,-,-,-,1.8,-,-,,,,,,,,,,,,,,,,,,,,,,,,,,3.5596,3.5645,,0.005,,,,,,,,,,,,,,,,,,,,,,,,,,,,,,,,,,,,,,,,,,,,,,,,,,,,,,,,,,,,,,,,,,,,,,,,,,,,,,,,,,,,,,,,,,,,,,,,,,,,,,,,,,,,,,,,,,,,,,,,,,,,,,,,,,,,,,,,,,,,,,,,,,,,,,,,,,,
Alloy 3,Loomis et al 72,10.1007/bf02647677,,,sc,,1232,12,-,-,-,-,760,1000,-,-,-,-,,,,,,,,,,,,,75.79,14.6,-,-,-,6.5,-,-,-,3.11,-,-,,14,,,,,,,,,,,,,,,,,,,,,,,,,,,,,,,,,,,,,,75.8,4.3,-,-,-,16.7,-,-,-,3.2,-,-,,,,,,,,,,,,,,,,,,,,,,,,,,3.5669,3.57,,0.00304,,,,,,,,,,,,,,,,,,,,,,,,,,,,,,,,,,,,,,,,,,,,,,,,,,,,,,,,,,,,,,,,,,,,,,,,,,,,,,,,,,,,,,,,,,,,,,,,,,,,,,,,,,,,,,,,,,,,,,,,,,,,,,,,,,,,,,,,,,,,,,,,,,,,,,,,,,,
Alloy 4,Loomis et al 72,10.1007/bf02647677,,,sc,,1232,12,-,-,-,-,760,1000,-,-,-,-,,,,,,,,,,,,,73.89,14.24,-,-,-,6.71,-,-,-,5.16,-,-,,19,,,,,,,,,,,,,,,,,,,,,,,,,,,,,,,,,,,,,,76.2,3.7,-,-,-,16.4,-,-,-,3.7,-,-,,,,,,,,,,,,,,,,,,,,,,,,,,3.5779,3.573,,-0.00283,,,,,,,,,,,,,,,,,,,,,,,,,,,,,,,,,,,,,,,,,,,,,,,,,,,,,,,,,,,,,,,,,,,,,,,,,,,,,,,,,,,,,,,,,,,,,,,,,,,,,,,,,,,,,,,,,,,,,,,,,,,,,,,,,,,,,,,,,,,,,,,,,,,,,,,,,,,
Alloy 5,Loomis et al 72,10.1007/bf02647677,,,sc,,1232,12,-,-,-,-,760,1000,-,-,-,-,,,,,,,,,,,,,76.06,15.06,-,-,-,8.88,-,-,-,-,-,-,,18,,,,,,,,,,,,,,,,,,,,,,,,,,,,,,,,,,,,,,75.7,7.6,-,-,-,16.7,-,-,-,-,-,-,,,,,,,,,,,,,,,,,,,,,,,,,,3.5535,3.56,,0.00679,,,,,,,,,,,,,,,,,,,,,,,,,,,,,,,,,,,,,,,,,,,,,,,,,,,,,,,,,,,,,,,,,,,,,,,,,,,,,,,,,,,,,,,,,,,,,,,,,,,,,,,,,,,,,,,,,,,,,,,,,,,,,,,,,,,,,,,,,,,,,,,,,,,,,,,,,,,
Alloy 6,Loomis et al 72,10.1007/bf02647677,,,sc,,1232,12,-,-,-,-,760,1000,-,-,-,-,,,,,,,,,,,,,75.16,14.81,-,-,-,8.85,-,-,-,1.18,-,-,,23,,,,,,,,,,,,,,,,,,,,,,,,,,,,,,,,,,,,,,76.5,5.7,-,-,-,16.3,-,-,-,1.5,-,-,,,,,,,,,,,,,,,,,,,,,,,,,,3.5602,3.5655,,0.005,,,,,,,,,,,,,,,,,,,,,,,,,,,,,,,,,,,,,,,,,,,,,,,,,,,,,,,,,,,,,,,,,,,,,,,,,,,,,,,,,,,,,,,,,,,,,,,,,,,,,,,,,,,,,,,,,,,,,,,,,,,,,,,,,,,,,,,,,,,,,,,,,,,,,,,,,,,
Alloy 7,Loomis et al 72,10.1007/bf02647677,,,sc,,1232,12,-,-,-,-,760,1000,-,-,-,-,,,,,,,,,,,,,73.64,14.43,-,-,-,8.96,-,-,-,2.97,-,-,,30,,,,,,,,,,,,,,,,,,,,,,,,,,,,,,,,,,,,,,75.8,4.4,-,-,-,17,-,-,-,2.8,-,-,,,,,,,,,,,,,,,,,,,,,,,,,,3.5714,3.57,,-0.00125,,,,,,,,,,,,,,,,,,,,,,,,,,,,,,,,,,,,,,,,,,,,,,,,,,,,,,,,,,,,,,,,,,,,,,,,,,,,,,,,,,,,,,,,,,,,,,,,,,,,,,,,,,,,,,,,,,,,,,,,,,,,,,,,,,,,,,,,,,,,,,,,,,,,,,,,,,,
Alloy 8,Loomis et al 72,10.1007/bf02647677,,,sc,,1232,12,-,-,-,-,760,1000,-,-,-,-,,,,,,,,,,,,,72.08,14.05,-,-,-,9.07,-,-,-,4.8,-,-,,33,,,,,,,,,,,,,,,,,,,,,,,,,,,,,,,,,,,,,,76.4,3.3,-,-,-,16.6,-,-,-,3.7,-,-,,,,,,,,,,,,,,,,,,,,,,,,,,3.5794,3.573,,-0.00411,,,,,,,,,,,,,,,,,,,,,,,,,,,,,,,,,,,,,,,,,,,,,,,,,,,,,,,,,,,,,,,,,,,,,,,,,,,,,,,,,,,,,,,,,,,,,,,,,,,,,,,,,,,,,,,,,,,,,,,,,,,,,,,,,,,,,,,,,,,,,,,,,,,,,,,,,,,
Alloy 9,Loomis et al 72,10.1007/bf02647677,,,sc,,1232,12,-,-,-,-,760,1000,-,-,-,-,,,,,,,,,,,,,74.34,14.05,-,-,-,11.61,-,-,-,-,-,-,,34,,,,,,,,,,,,,,,,,,,,,,,,,,,,,,,,,,,,,,76.8,7,-,-,-,16.2,-,-,-,-,-,-,,,,,,,,,,,,,,,,,,,,,,,,,,3.5619,3.561,,-0.00036,,,,,,,,,,,,,,,,,,,,,,,,,,,,,,,,,,,,,,,,,,,,,,,,,,,,,,,,,,,,,,,,,,,,,,,,,,,,,,,,,,,,,,,,,,,,,,,,,,,,,,,,,,,,,,,,,,,,,,,,,,,,,,,,,,,,,,,,,,,,,,,,,,,,,,,,,,,
Alloy 10,Loomis et al 72,10.1007/bf02647677,,,sc,,1232,12,-,-,-,-,760,1000,-,-,-,-,,,,,,,,,,,,,73.15,13.94,-,-,-,11.76,-,-,-,1.15,-,-,,42,,,,,,,,,,,,,,,,,,,,,,,,,,,,,,,,,,,,,,77.9,4.8,-,-,-,16,-,-,-,1.3,-,-,,,,,,,,,,,,,,,,,,,,,,,,,,3.567,3.566,,-0.00125,,,,,,,,,,,,,,,,,,,,,,,,,,,,,,,,,,,,,,,,,,,,,,,,,,,,,,,,,,,,,,,,,,,,,,,,,,,,,,,,,,,,,,,,,,,,,,,,,,,,,,,,,,,,,,,,,,,,,,,,,,,,,,,,,,,,,,,,,,,,,,,,,,,,,,,,,,,
Alloy 11,Loomis et al 72,10.1007/bf02647677,,,sc,,1232,12,-,-,-,-,760,1000,-,-,-,-,,,,,,,,,,,,,71.45,13.59,-,-,-,12.12,-,-,-,2.84,-,-,,47,,,,,,,,,,,,,,,,,,,,,,,,,,,,,,,,,,,,,,77.2,2.9,-,-,-,17.3,-,-,-,2.6,-,-,,,,,,,,,,,,,,,,,,,,,,,,,,3.5765,3.5715,,-0.00357,,,,,,,,,,,,,,,,,,,,,,,,,,,,,,,,,,,,,,,,,,,,,,,,,,,,,,,,,,,,,,,,,,,,,,,,,,,,,,,,,,,,,,,,,,,,,,,,,,,,,,,,,,,,,,,,,,,,,,,,,,,,,,,,,,,,,,,,,,,,,,,,,,,,,,,,,,,
Alloy 12,Loomis et al 72,10.1007/bf02647677,,,sc,,1232,12,-,-,-,-,760,1000,-,-,-,-,,,,,,,,,,,,,70.03,13.42,-,-,-,12.09,-,-,-,4.46,-,-,,48,,,,,,,,,,,,,,,,,,,,,,,,,,,,,,,,,,,,,,75.3,4.6,-,-,-,16.4,-,-,-,3.7,-,-,,,,,,,,,,,,,,,,,,,,,,,,,,,3.5745,,,,,,,,,,,,,,,,,,,,,,,,,,,,,,,,,,,,,,,,,,,,,,,,,,,,,,,,,,,,,,,,,,,,,,,,,,,,,,,,,,,,,,,,,,,,,,,,,,,,,,,,,,,,,,,,,,,,,,,,,,,,,,,,,,,,,,,,,,,,,,,,,,,,,,,,,,,,,
Alloy 13,Loomis et al 72,10.1007/bf02647677,,,sc,,1232,12,-,-,-,-,760,1000,-,-,-,-,,,,,,,,,,,,,78.74,15.14,-,-,-,2,-,-,4.12,-,-,-,,12,,,,,,,,,,,,,,,,,,,,,,,,,,,,,,,,,,,,,,76.2,2.2,-,-,-,7.8,-,-,13.8,-,-,-,,,,,,,,,,,,,,,,,,,,,,,,,,3.5582,3.5895,,0.03071,,,,,,,,,,,,,,,,,,,,,,,,,,,,,,,,,,,,,,,,,,,,,,,,,,,,,,,,,,,,,,,,,,,,,,,,,,,,,,,,,,,,,,,,,,,,,,,,,,,,,,,,,,,,,,,,,,,,,,,,,,,,,,,,,,,,,,,,,,,,,,,,,,,,,,,,,,,
Alloy 14,Loomis et al 72,10.1007/bf02647677,,,sc,,1232,12,-,-,-,-,760,1000,-,-,-,-,,,,,,,,,,,,,77.8,14.93,-,-,-,2,-,-,4.08,1.19,-,-,,13,,,,,,,,,,,,,,,,,,,,,,,,,,,,,,,,,,,,,,75.91,2,-,-,-,7.3,-,-,14.4,0.39,-,-,,,,,,,,,,,,,,,,,,,,,,,,,,3.5629,3.59,,0.02732,,,,,,,,,,,,,,,,,,,,,,,,,,,,,,,,,,,,,,,,,,,,,,,,,,,,,,,,,,,,,,,,,,,,,,,,,,,,,,,,,,,,,,,,,,,,,,,,,,,,,,,,,,,,,,,,,,,,,,,,,,,,,,,,,,,,,,,,,,,,,,,,,,,,,,,,,,,
Alloy 15,Loomis et al 72,10.1007/bf02647677,,,sc,,1232,12,-,-,-,-,760,1000,-,-,-,-,,,,,,,,,,,,,76.16,14.59,-,-,-,2.2,-,-,4.09,2.96,-,-,,15,,,,,,,,,,,,,,,,,,,,,,,,,,,,,,,,,,,,,,78.17,1.3,-,-,-,7.5,-,-,12.4,0.63,-,-,,,,,,,,,,,,,,,,,,,,,,,,,,3.5718,3.5915,,0.01929,,,,,,,,,,,,,,,,,,,,,,,,,,,,,,,,,,,,,,,,,,,,,,,,,,,,,,,,,,,,,,,,,,,,,,,,,,,,,,,,,,,,,,,,,,,,,,,,,,,,,,,,,,,,,,,,,,,,,,,,,,,,,,,,,,,,,,,,,,,,,,,,,,,,,,,,,,,
Alloy 16,Loomis et al 72,10.1007/bf02647677,,,sc,,1232,12,-,-,-,-,760,1000,-,-,-,-,,,,,,,,,,,,,74.67,14.25,-,-,-,2.1,-,-,4.14,4.84,-,-,,16,,,,,,,,,,,,,,,,,,,,,,,,,,,,,,,,,,,,,,77.48,1.2,-,-,-,7.6,-,-,12.8,0.92,-,-,,,,,,,,,,,,,,,,,,,,,,,,,,3.5807,3.5925,,0.01161,,,,,,,,,,,,,,,,,,,,,,,,,,,,,,,,,,,,,,,,,,,,,,,,,,,,,,,,,,,,,,,,,,,,,,,,,,,,,,,,,,,,,,,,,,,,,,,,,,,,,,,,,,,,,,,,,,,,,,,,,,,,,,,,,,,,,,,,,,,,,,,,,,,,,,,,,,,
Alloy 5,Loomis et al 72,10.1007/bf02647677,,,sc,,1232,12,-,-,-,-,927,100,-,-,-,-,,,,,,,,,,,,,76.06,15.06,-,-,-,8.88,-,-,-,-,-,-,,5,,,,,,,,,,,,,,,,,,,,,,,,,,,,,,,,,,,,,,72.2,8.5,-,-,-,19.3,-,-,-,-,-,-,,,,,,,,,,,,,,,,,,,,,,,,,,3.5581,3.5615,,0.00393,,,,,,,,,,,,,,,,,,,,,,,,,,,,,,,,,,,,,,,,,,,,,,,,,,,,,,,,,,,,,,,,,,,,,,,,,,,,,,,,,,,,,,,,,,,,,,,,,,,,,,,,,,,,,,,,,,,,,,,,,,,,,,,,,,,,,,,,,,,,,,,,,,,,,,,,,,,
Alloy 6,Loomis et al 72,10.1007/bf02647677,,,sc,,1232,12,-,-,-,-,927,100,-,-,-,-,,,,,,,,,,,,,75.16,14.81,-,-,-,8.85,-,-,-,1.18,-,-,,8,,,,,,,,,,,,,,,,,,,,,,,,,,,,,,,,,,,,,,74.1,7.1,-,-,-,17.8,-,-,-,1,-,-,,,,,,,,,,,,,,,,,,,,,,,,,,3.5645,3.5655,,0.00125,,,,,,,,,,,,,,,,,,,,,,,,,,,,,,,,,,,,,,,,,,,,,,,,,,,,,,,,,,,,,,,,,,,,,,,,,,,,,,,,,,,,,,,,,,,,,,,,,,,,,,,,,,,,,,,,,,,,,,,,,,,,,,,,,,,,,,,,,,,,,,,,,,,,,,,,,,,
Alloy 7,Loomis et al 72,10.1007/bf02647677,,,sc,,1232,12,-,-,-,-,927,100,-,-,-,-,,,,,,,,,,,,,73.64,14.43,-,-,-,8.96,-,-,-,2.97,-,-,,13,,,,,,,,,,,,,,,,,,,,,,,,,,,,,,,,,,,,,,76.3,5.3,-,-,-,16.2,-,-,-,2.2,-,-,,,,,,,,,,,,,,,,,,,,,,,,,,3.5717,3.569,,-0.00214,,,,,,,,,,,,,,,,,,,,,,,,,,,,,,,,,,,,,,,,,,,,,,,,,,,,,,,,,,,,,,,,,,,,,,,,,,,,,,,,,,,,,,,,,,,,,,,,,,,,,,,,,,,,,,,,,,,,,,,,,,,,,,,,,,,,,,,,,,,,,,,,,,,,,,,,,,,
Alloy 8,Loomis et al 72,10.1007/bf02647677,,,sc,,1232,12,-,-,-,-,927,100,-,-,-,-,,,,,,,,,,,,,72.08,14.05,-,-,-,9.07,-,-,-,4.8,-,-,,17,,,,,,,,,,,,,,,,,,,,,,,,,,,,,,,,,,,,,,76.4,4.2,-,-,-,16.3,-,-,-,3.1,-,-,,,,,,,,,,,,,,,,,,,,,,,,,,3.5816,3.5725,,-0.00875,,,,,,,,,,,,,,,,,,,,,,,,,,,,,,,,,,,,,,,,,,,,,,,,,,,,,,,,,,,,,,,,,,,,,,,,,,,,,,,,,,,,,,,,,,,,,,,,,,,,,,,,,,,,,,,,,,,,,,,,,,,,,,,,,,,,,,,,,,,,,,,,,,,,,,,,,,,
Alloy 9,Loomis et al 72,10.1007/bf02647677,,,sc,,1232,12,-,-,-,-,927,100,-,-,-,-,,,,,,,,,,,,,74.34,14.05,-,-,-,11.61,-,-,-,-,-,-,,20,,,,,,,,,,,,,,,,,,,,,,,,,,,,,,,,,,,,,,75.5,7.7,-,-,-,16.8,-,-,-,-,-,-,,,,,,,,,,,,,,,,,,,,,,,,,,3.5609,3.5625,,0.00179,,,,,,,,,,,,,,,,,,,,,,,,,,,,,,,,,,,,,,,,,,,,,,,,,,,,,,,,,,,,,,,,,,,,,,,,,,,,,,,,,,,,,,,,,,,,,,,,,,,,,,,,,,,,,,,,,,,,,,,,,,,,,,,,,,,,,,,,,,,,,,,,,,,,,,,,,,,
Alloy 10,Loomis et al 72,10.1007/bf02647677,,,sc,,1232,12,-,-,-,-,927,100,-,-,-,-,,,,,,,,,,,,,73.15,13.94,-,-,-,11.76,-,-,-,1.15,-,-,,29,,,,,,,,,,,,,,,,,,,,,,,,,,,,,,,,,,,,,,75.8,6.2,-,-,-,16.8,-,-,-,1.2,-,-,,,,,,,,,,,,,,,,,,,,,,,,,,3.5674,3.567,,-0.00089,,,,,,,,,,,,,,,,,,,,,,,,,,,,,,,,,,,,,,,,,,,,,,,,,,,,,,,,,,,,,,,,,,,,,,,,,,,,,,,,,,,,,,,,,,,,,,,,,,,,,,,,,,,,,,,,,,,,,,,,,,,,,,,,,,,,,,,,,,,,,,,,,,,,,,,,,,,
Alloy 11,Loomis et al 72,10.1007/bf02647677,,,sc,,1232,12,-,-,-,-,927,100,-,-,-,-,,,,,,,,,,,,,71.45,13.59,-,-,-,12.12,-,-,-,2.84,-,-,,33,,,,,,,,,,,,,,,,,,,,,,,,,,,,,,,,,,,,,,76.4,4.7,-,-,-,16.4,-,-,-,2.5,-,-,,,,,,,,,,,,,,,,,,,,,,,,,,3.5779,3.566,,-0.00679,,,,,,,,,,,,,,,,,,,,,,,,,,,,,,,,,,,,,,,,,,,,,,,,,,,,,,,,,,,,,,,,,,,,,,,,,,,,,,,,,,,,,,,,,,,,,,,,,,,,,,,,,,,,,,,,,,,,,,,,,,,,,,,,,,,,,,,,,,,,,,,,,,,,,,,,,,,
Alloy 12,Loomis et al 72,10.1007/bf02647677,,,sc,,1232,12,-,-,-,-,927,100,-,-,-,-,,,,,,,,,,,,,70.03,13.42,-,-,-,12.09,-,-,-,4.46,-,-,,32,,,,,,,,,,,,,,,,,,,,,,,,,,,,,,,,,,,,,,75.2,4.4,-,-,-,17.1,-,-,-,3.3,-,-,,,,,,,,,,,,,,,,,,,,,,,,,,3.5917,3.5745,,-0.001696,,,,,,,,,,,,,,,,,,,,,,,,,,,,,,,,,,,,,,,,,,,,,,,,,,,,,,,,,,,,,,,,,,,,,,,,,,,,,,,,,,,,,,,,,,,,,,,,,,,,,,,,,,,,,,,,,,,,,,,,,,,,,,,,,,,,,,,,,,,,,,,,,,,,,,,,,,,
Alloy 13,Loomis et al 72,10.1007/bf02647677,,,sc,,1232,12,-,-,-,-,927,100,-,-,-,-,,,,,,,,,,,,,78.74,15.14,-,-,-,2,-,-,4.12,-,-,-,,3,,,,,,,,,,,,,,,,,,,,,,,,,,,,,,,,,,,,,,77.3,2.1,-,-,-,7.5,-,-,13.1,-,-,-,,,,,,,,,,,,,,,,,,,,,,,,,,3.5625,3.5885,,0.02571,,,,,,,,,,,,,,,,,,,,,,,,,,,,,,,,,,,,,,,,,,,,,,,,,,,,,,,,,,,,,,,,,,,,,,,,,,,,,,,,,,,,,,,,,,,,,,,,,,,,,,,,,,,,,,,,,,,,,,,,,,,,,,,,,,,,,,,,,,,,,,,,,,,,,,,,,,,
Alloy 14,Loomis et al 72,10.1007/bf02647677,,,sc,,1232,12,-,-,-,-,927,100,-,-,-,-,,,,,,,,,,,,,77.8,14.93,-,-,-,2,-,-,4.08,1.19,-,-,,4,,,,,,,,,,,,,,,,,,,,,,,,,,,,,,,,,,,,,,76.52,2.2,-,-,-,7.7,-,-,13.3,0.28,-,-,,,,,,,,,,,,,,,,,,,,,,,,,,3.5679,3.5895,,0.0216,,,,,,,,,,,,,,,,,,,,,,,,,,,,,,,,,,,,,,,,,,,,,,,,,,,,,,,,,,,,,,,,,,,,,,,,,,,,,,,,,,,,,,,,,,,,,,,,,,,,,,,,,,,,,,,,,,,,,,,,,,,,,,,,,,,,,,,,,,,,,,,,,,,,,,,,,,,
Alloy 15,Loomis et al 72,10.1007/bf02647677,,,sc,,1232,12,-,-,-,-,927,100,-,-,-,-,,,,,,,,,,,,,76.16,14.59,-,-,-,2.2,-,-,4.09,2.96,-,-,,5,,,,,,,,,,,,,,,,,,,,,,,,,,,,,,,,,,,,,,74.53,1.6,-,-,-,8.4,-,-,14.9,0.57,-,-,,,,,,,,,,,,,,,,,,,,,,,,,,3.5755,3.5905,,0.01464,,,,,,,,,,,,,,,,,,,,,,,,,,,,,,,,,,,,,,,,,,,,,,,,,,,,,,,,,,,,,,,,,,,,,,,,,,,,,,,,,,,,,,,,,,,,,,,,,,,,,,,,,,,,,,,,,,,,,,,,,,,,,,,,,,,,,,,,,,,,,,,,,,,,,,,,,,,
Alloy 16,Loomis et al 72,10.1007/bf02647677,,,sc,,1232,12,-,-,-,-,927,100,-,-,-,-,,,,,,,,,,,,,74.67,14.25,-,-,-,2.1,-,-,4.14,4.84,-,-,,7,,,,,,,,,,,,,,,,,,,,,,,,,,,,,,,,,,,,,,76.01,1.1,-,-,-,8.6,-,-,13.5,0.79,-,-,,,,,,,,,,,,,,,,,,,,,,,,,,3.5839,3.5915,,0.00768,,,,,,,,,,,,,,,,,,,,,,,,,,,,,,,,,,,,,,,,,,,,,,,,,,,,,,,,,,,,,,,,,,,,,,,,,,,,,,,,,,,,,,,,,,,,,,,,,,,,,,,,,,,,,,,,,,,,,,,,,,,,,,,,,,,,,,,,,,,,,,,,,,,,,,,,,,,
Alloy 1,Morrow et al 75,10.1007/BF02658405,Sung and Poirier 98,10.1016/S0921-5093(97)00699-0,sc,,1230,24,-,-,-,-,1175,1,-,-,-,-,,,,,,,,,,,,,78.34,15.19,-,-,-,6.47,-,-,-,-,-,-,,,,,,,,,,,,,,,,,,,,,,,,,,,,,,,,,,,,,,,,,,,,,,,,,,,,,,,,,,,,,,,,,,,,,,,,,,,,,,,,,,,,,,,,,,,,,,,,,,,,,,,,,,,,,,,,,,,,,,,,1.63,1.81,,,,,,,,,,,,,,,,,,,,,,,,,,,,,,,,,,,,,,,,,,,,,,,,,,,,,,,,,,,,,,,,,,,,,,,,,,,,,,,,,,,,,,,,,,,,,,,,,,,,,,,,,,,,,,,,,,
Alloy 2,Morrow et al 75,10.1007/BF02658405,Sung and Poirier 98,10.1016/S0921-5093(97)00699-0,sc,,1230,24,-,-,-,-,1175,1,-,-,-,-,,,,,,,,,,,,,77.41,14.95,-,-,-,6.44,-,-,-,1.2,-,-,,,,,,,,,,,,,,,,,,,,,,,,,,,,,,,,,,,,,,,,,,,,,,,,,,,,,,,,,,,,,,,,,,,,,,,,,,,,,,,,,,,,,,,,,,,,,,,,,,,,,,,,,,,,,,,,,,,,,,,,1.5,1.73,,,,,,,,,,,,,,,,,,,,,,,,,,,,,,,,,,,,,,,,,,,,,,,,,,,,,,,,,,,,,,,,,,,,,,,,,,,,,,,,,,,,,,,,,,,,,,,,,,,,,,,,,,,,,,,,,,
Alloy 4,Morrow et al 75,10.1007/BF02658405,Sung and Poirier 98,10.1016/S0921-5093(97)00699-0,sc,,1230,24,-,-,-,-,1175,1,-,-,-,-,,,,,,,,,,,,,73.89,14.24,-,-,-,6.71,-,-,-,5.16,-,-,,,,,,,,,,,,,,,,,,,,,,,,,,,,,,,,,,,,,,,,,,,,,,,,,,,,,,,,,,,,,,,,,,,,,,,,,,,,,,,,,,,,,,,,,,,,,,,,,,,,,,,,,,,,,,,,,,,,,,,,1.57,1.85,,,,,,,,,,,,,,,,,,,,,,,,,,,,,,,,,,,,,,,,,,,,,,,,,,,,,,,,,,,,,,,,,,,,,,,,,,,,,,,,,,,,,,,,,,,,,,,,,,,,,,,,,,,,,,,,,,
Alloy 5,Morrow et al 75,10.1007/BF02658405,Sung and Poirier 98,10.1016/S0921-5093(97)00699-0,sc,,1230,24,-,-,-,-,1175,1,-,-,-,-,,,,,,,,,,,,,76.06,15.06,-,-,-,8.88,-,-,-,-,-,-,,,,,,,,,,,,,,,,,,,,,,,,,,,,,,,,,,,,,,,,,,,,,,,,,,,,,,,,,,,,,,,,,,,,,,,,,,,,,,,,,,,,,,,,,,,,,,,,,,,,,,,,,,,,,,,,,,,,,,,,1.51,1.8,,,,,,,,,,,,,,,,,,,,,,,,,,,,,,,,,,,,,,,,,,,,,,,,,,,,,,,,,,,,,,,,,,,,,,,,,,,,,,,,,,,,,,,,,,,,,,,,,,,,,,,,,,,,,,,,,,
Alloy 9,Morrow et al 75,10.1007/BF02658405,Sung and Poirier 98,10.1016/S0921-5093(97)00699-0,sc,,1230,24,-,-,-,-,1175,1,-,-,-,-,,,,,,,,,,,,,74.34,14.05,-,-,-,11.61,-,-,-,-,-,-,,,,,,,,,,,,,,,,,,,,,,,,,,,,,,,,,,,,,,,,,,,,,,,,,,,,,,,,,,,,,,,,,,,,,,,,,,,,,,,,,,,,,,,,,,,,,,,,,,,,,,,,,,,,,,,,,,,,,,,,1.58,1.78,,,,,,,,,,,,,,,,,,,,,,,,,,,,,,,,,,,,,,,,,,,,,,,,,,,,,,,,,,,,,,,,,,,,,,,,,,,,,,,,,,,,,,,,,,,,,,,,,,,,,,,,,,,,,,,,,,
Alloy 10,Morrow et al 75,10.1007/BF02658405,Sung and Poirier 98,10.1016/S0921-5093(97)00699-0,sc,,1230,24,-,-,-,-,1175,1,-,-,-,-,,,,,,,,,,,,,73.15,13.94,-,-,-,11.76,-,-,-,1.15,-,-,,,,,,,,,,,,,,,,,,,,,,,,,,,,,,,,,,,,,,,,,,,,,,,,,,,,,,,,,,,,,,,,,,,,,,,,,,,,,,,,,,,,,,,,,,,,,,,,,,,,,,,,,,,,,,,,,,,,,,,,1.45,1.67,,,,,,,,,,,,,,,,,,,,,,,,,,,,,,,,,,,,,,,,,,,,,,,,,,,,,,,,,,,,,,,,,,,,,,,,,,,,,,,,,,,,,,,,,,,,,,,,,,,,,,,,,,,,,,,,,,
Ni7Co8Cr5.5Al8W5Ta,Decamps et al 84,10.1016/0036-9748(84)90200-X,,,exp,,1310,1,-,-,-,-,1050,15,850,24,-,-,66.5,8,7,-,-,5.5,5,8,-,-,-,-,,,,,,,,,,,,,,,60,,,,,,,,,,,,,,,,,,,,,,,,,,,,,,,,,,,,,,,,,,,,,,,,,,,,,,,,,,,,,,,,,,,,,,,,,,,,,,,500,,,,,,,,,,,,,,,,,,,,,,,,,,,,,,,,,,,,,,,,,,,,,,,,,,,,,,,,,,,,,,,,,,,,,,,,,,,,,,,,,,,,,,,,,,,,,,,,,,,,,,,,,,,,,,,,,,,,,,,,,,,,,,,,,,,,,,,,,,,,,,,,,,900,24,,,,,,
γMCRe,Pettinari et al 2001,10.1016/S0921-5093(01)01765-8,,,γ,,1330,100,-,-,-,-,-,-,-,-,-,-,-,-,-,-,-,-,-,-,-,-,-,-,,,,,,,,,,,,,-,-,-,,,,,,,,,,,,,65.6,26.21,-,4.19,-,-,-,1.98,-,2.02,-,-,,,,,,,,,,,,,,,,,,,,,,,,,,,,,,,,,,,,,,,,,,,,,,,,,,,,,,,,,,,,,,,,,,,,,,,,,,,,,,,,,,,,,,,,,,,,,,,,,,,,,,,,,,,,,,,,,,,,,,,,,,,,,,,,,,,,,,,,,,,,,,,,,,,,,,,,,,,,,,,,,,,,,,,,,,,,,,,,,,,,,,,,,,,,,,,,,,,,,,,,,25,32,350,31,750,30,1050,27
γMCRu,Pettinari et al 2001,10.1016/S0921-5093(01)01765-8,,,γ,,1330,100,-,-,-,-,-,-,-,-,-,-,-,-,-,-,-,-,-,-,-,-,-,-,,,,,,,,,,,,,-,-,-,,,,,,,,,,,,,65.88,26.07,-,-,4.04,-,-,1.98,-,2.03,-,-,,,,,,,,,,,,,,,,,,,,,,,,,,,,,,,,,,,,,,,,,,,,,,,,,,,,,,,,,,,,,,,,,,,,,,,,,,,,,,,,,,,,,,,,,,,,,,,,,,,,,,,,,,,,,,,,,,,,,,,,,,,,,,,,,,,,,,,,,,,,,,,,,,,,,,,,,,,,,,,,,,,,,,,,,,,,,,,,,,,,,,,,,,,,,,,,,,,,,,,,,25,31,350,28,750,26,1050,25
AM1,Decamps et al 91,10.1080/01418619108204866,Decamps and Condat 88,10.1002/pssa.2211090144,sc,Heat treatment specified as “standard solution and precipitation heat treatment” - took standard listed in Durand-Charre 97 (table 6.1-2),1300,3,-,-,-,-,1100,5,870,16,-,-,64,7.5,6.5,-,-,5.3,8,5.5,1.2,2,-,-,,,,,,,,,,,,,,,65,,,,,,,,,,,,,,,,,,,,,,,,,,,,,,,,,,,,,,,,,,,,,,,,,,,,,,,,,,,,,,,,,,,,,,,,,,,,,,,450,,,,,,,,,,,,,,,,,,,,,,,,,,,,,,,,,,,,,,,,,,,,,,,,,,,,,,,,,,,,,,,,,,,,,,,,,,,,,,,,,,,,,,,,,,,,,,,,,,,,,,,,,,,,,,,,,,,,,,,,,,,,,,,,,,,,,,,,,,,,,,,,,,950,20,,,,,,
AM3,Decamps et al 91,10.1080/01418619108204866,,,sc,Heat treatment specified as “standard solution and precipitation heat treatment” - took standard listed in Durand-Charre 97 (table 6.1-2),1300,3,-,-,-,-,1050,16,850,24,-,-,69.5,6.5,5,-,-,6,4.2,4.5,2,2.3,-,-,,,,,,,,,,,,,,,65,,,,,,,,,,,,,,,,,,,,,,,,,,,,,,,,,,,,,,,,,,,,,,,,,,,,,,,,,,,,,,,,,,,,,,,,,,,,,,,450,,,,,,,,,,,,,,,,,,,,,,,,,,,,,,,,,,,,,,,,,,,,,,,,,,,,,,,,,,,,,,,,,,,,,,,,,,,,,,,,,,,,,,,,,,,,,,,,,,,,,,,,,,,,,,,,,,,,,,,,,,,,,,,,,,,,,,,,,,,,,,,,,,760,25,,,,,,
PWA 1480,Durand-Charre 97 (Book),,,,sc,Assumed standard nominal composition,1300,15,-,-,-,-,1100,4,850,48,-,-,62.5,10,5,-,-,5,12,4,1.5,-,-,-,,,,,,,,,,,,,,,,,,,,,,,,,,,,49.29,34.03,11.01,-,-,2.79,0.56,2.15,0.17,-,-,-,,,,,,,,,,,,,70.21,2.17,3.1,-,-,15.4,4.59,1.68,2.85,-,-,-,,,,,,,,,,,,,,,,,,,,,,,,,,,,,,,,,,,,,,,,,,,,,,,,,,,,,,,,,,,,,,,,,,,,,,,,,,,,,,,,,,,,,,,,,,,,,,,,,,,,,,,,,,,,,,,,,,,,,,,,,,,,,,,,,,,,,,,,,,,,,,,,,,,,,,,,,,,,,,,,,,,,,,,,,,,,,,,,,,,,,,,,
PWA 1480-Re,Durand-Charre 97 (Book),,,,sc,Assumed standard nominal composition +1% wt. Re,1300,15,-,-,-,-,1100,4,850,48,-,-,61.5,10,5,1,-,5,12,4,1.5,-,-,-,,,,,,,,,,,,,,,,,,,,,,,,,,,,47.89,34.22,11,3.71,-,2.54,0.33,-,0.31,-,-,-,,,,,,,,,,,,,69.97,2.31,2.88,0.76,-,15.35,5.64,-,3.09,-,-,-,,,,,,,,,,,,,,,,,,,,,,,,,,,,,,,,,,,,,,,,,,,,,,,,,,,,,,,,,,,,,,,,,,,,,,,,,,,,,,,,,,,,,,,,,,,,,,,,,,,,,,,,,,,,,,,,,,,,,,,,,,,,,,,,,,,,,,,,,,,,,,,,,,,,,,,,,,,,,,,,,,,,,,,,,,,,,,,,,,,,,,,,
CMSX-2,Durand-Charre 97 (Book),,,,sc,Assumed standard nominal composition,1300,15,-,-,-,-,1100,4,850,48,-,-,66.2,8,4.6,-,-,5.6,6,8,1,0.6,-,-,,,,,,,,,,,,,68,,,,,,,,,,,,,,,59.6,25.5,8.6,-,-,3.1,0.1,2.5,0.6,-,-,-,,,,,,,,,,,,,70.7,2.4,3.2,-,-,16.7,3,2.4,1.6,-,-,-,,,,,,,,,,,,,,,,,,,,,,,,,,,,,,,,,,,,,,,,,,,,,,,,,,,,,,,,,,,,,,,,,,,,,,,,,,,,,,,,,,,,,,,,,,,,,,,,,,,,,,,,,,,,,,,,,,,,,,,,,,,,,,,,,,,,,,,,,,,,,,,,,,,,,,,,,,,,,,,,,,,,,,,,,,,,,,,,,,,,,,,,
CMSX-2-4Re,Durand-Charre 97 (Book),,,,sc,Assumed standard nominal composition +4% wt. Re,1300,15,-,-,-,-,1100,4,850,48,-,-,62.2,8,4.6,4,-,5.6,6,8,1,0.6,-,-,,,,,,,,,,,,,,,,,,,,,,,,,,,,60.39,21.94,7.6,2.87,-,4.63,0.52,1.82,0.23,-,-,-,,,,,,,,,,,,,70.11,3.23,3.27,0.41,-,17.22,2.99,0.9,1.87,-,-,-,,,,,,,,,,,,,,,,,,,,,,,,,,,,,,,,,,,,,,,,,,,,,,,,,,,,,,,,,,,,,,,,,,,,,,,,,,,,,,,,,,,,,,,,,,,,,,,,,,,,,,,,,,,,,,,,,,,,,,,,,,,,,,,,,,,,,,,,,,,,,,,,,,,,,,,,,,,,,,,,,,,,,,,,,,,,,,,,,,,,,,,,
C17,Ofori et al 04,Superalloys 2004 conf. proc. ,,,exp,,1365,8,-,-,-,-,1150,4,-,-,-,-,,,,,,,,,,,,,65.7,-,12.9,2,-,14.1,2.1,3.2,-,-,-,-,,,,,,,,,,,,,,,,,,,,,,,,,,,,,,,,,,,,,,,,,,,,,,,,,,,,,,,,,,,,,,,,1.03,,2.27,6.58,,0.47,0.4,1.48,,,,,,,,,,,500,,,,,,,,,,,,,,,,,,,,,,,,,,,,,,,,,,,,,,,,,,,,,,,,,,,,,,,,,,,,,,,,,,,,,,,,,,,,,,,,,,,,,,,,,,,,,,,,,,,,,,,,,,,,,,,,,,,,,,,,,,,,,,,,,,,,,,,,,,,,,,,,,,,,,,,,,
C17+1Ru,Ofori et al 04,Superalloys 2004 conf. proc. ,,,exp,,1365,8,-,-,-,-,1150,4,-,-,-,-,,,,,,,,,,,,,65,-,12.8,2,1,14,2.1,3.2,-,-,-,-,,,,,,,,,,,,,,,,,,,,,,,,,,,,,,,,,,,,,,,,,,,,,,,,,,,,,,,,,,,,,,,,0.92,,2.27,4.61,1.49,0.45,0.37,1.21,,,,,,,,,,,500,,,,,,,,,,,,,,,,,,,,,,,,,,,,,,,,,,,,,,,,,,,,,,,,,,,,,,,,,,,,,,,,,,,,,,,,,,,,,,,,,,,,,,,,,,,,,,,,,,,,,,,,,,,,,,,,,,,,,,,,,,,,,,,,,,,,,,,,,,,,,,,,,,,,,,,,,
C17+3Ru,Ofori et al 04,Superalloys 2004 conf. proc. ,,,exp,,1365,8,-,-,-,-,1150,4,-,-,-,-,,,,,,,,,,,,,63.7,-,12.5,1.9,3,13.7,2,3.1,-,-,-,-,,,,,,,,,,,,,,,,,,,,,,,,,,,,,,,,,,,,,,,,,,,,,,,,,,,,,,,,,,,,,,,,0.96,,2.14,2.95,1.32,0.52,0.36,1.03,,,,,,,,,,,500,,,,,,,,,,,,,,,,,,,,,,,,,,,,,,,,,,,,,,,,,,,,,,,,,,,,,,,,,,,,,,,,,,,,,,,,,,,,,,,,,,,,,,,,,,,,,,,,,,,,,,,,,,,,,,,,,,,,,,,,,,,,,,,,,,,,,,,,,,,,,,,,,,,,,,,,,
C17+5Ru,Ofori et al 04,Superalloys 2004 conf. proc. ,,,exp,,1365,8,-,-,-,-,1150,4,-,-,-,-,,,,,,,,,,,,,62.4,-,12.3,1.9,5,13.4,2,3,-,-,-,-,,,,,,,,,,,,,,,,,,,,,,,,,,,,,,,,,,,,,,,,,,,,,,,,,,,,,,,,,,,,,,,,0.96,,1.65,2.4,1.24,0.62,0.51,1.02,,,,,,,,,,,500,,,,,,,,,,,,,,,,,,,,,,,,,,,,,,,,,,,,,,,,,,,,,,,,,,,,,,,,,,,,,,,,,,,,,,,,,,,,,,,,,,,,,,,,,,,,,,,,,,,,,,,,,,,,,,,,,,,,,,,,,,,,,,,,,,,,,,,,,,,,,,,,,,,,,,,,,
Ni-19.5Al,Ofori et al 04,Superalloys 2004 conf. proc. ,,,pc,,1365,8,-,-,-,-,1150,4,-,-,-,-,,,,,,,,,,,,,80.5,-,-,-,-,19.5,-,-,-,-,-,-,,,,,,,,,,,,,,,,,,,,,,,,,,,,,,,,,,,,,,,,,,,,,,,,,,,,,,,,,,,,,,,,-,,,,,0.6,,,,,,,,,,,,,,,,,,,,,,,,,,,,,,,,,,,,,,,,,,,,,,,,,,,,,,,,,,,,,,,,,,,,,,,,,,,,,,,,,,,,,,,,,,,,,,,,,,,,,,,,,,,,,,,,,,,,,,,,,,,,,,,,,,,,,,,,,,,,,,,,,,,,,,,,,,,,,,,,,,,,,,
Ni-19Al-3Ta,Ofori et al 04,Superalloys 2004 conf. proc. ,,,pc,,1365,8,-,-,-,-,1150,4,-,-,-,-,,,,,,,,,,,,,78.1,-,-,-,-,18.9,3,-,-,-,-,-,,,,,,,,,,,,,,,,,,,,,,,,,,,,,,,,,,,,,,,,75,-,-,-,4,21,-,-,-,-,-,-,,,,,,,,,,,,,,,,,,,,,,,,,,,,,,,,,,,,,,,,,,,,,,,,,,,,,,,,,,,,,,,,,,,,,,,,,,,,,,,,,,,,,,,,,,,,,,,,,,,,,,,,,,,,,,,,,,,,,,,,,,,,,,,,,,,,,,,,,,,,,,,,,,,,,,,,,,,,,,,,,,,,,,,,,,,,,,,,,,,,,,,,
RR2100,Tin et al 04,Superalloys 2004 conf. proc. ,Reed et al 04,10.1016/j.scriptamat.2004.04.019,sc,Rising HT applied for homogenisation: upto 1365C then as listed,1365,20,-,-,-,-,1140,5,-,-,-,-,,,,,,,,,,,,,62.94,3,12.8,2.2,-,14,1.9,3.1,-,-,-,0.06,,,77.3,,,,,,,,,,,,,49.11,9.51,26.74,7.5,-,3.09,0.24,3.62,-,-,-,0,,,,,,,,,,,,,67.05,1.38,8.57,0.44,-,16.89,2.51,2.86,-,-,-,0,,,,,,,,,,,,,,,,,,,,,,,,,,,,,,,500,,,,,,,,,,,,,,,,,,,,,,,,,,,,,,,,,,,,,,,,,,,,,,,,,,,,,,,,,,,,,,,,,,,,,,,,,,,,,,,,,,,,,,,,,,,,,,,,,,,,,,,,,,,,,,,,,,,,,,,,,,,,,,,,,,,,,,,,,,,,,,,,,,,,,,,,,
RR2101,Tin et al 04,Superalloys 2004 conf. proc. ,Reed et al 04,10.1016/j.scriptamat.2004.04.019,sc,Rising HT applied for homogenisation: upto 1365C then as listed,1365,20,-,-,-,-,1140,5,-,-,-,-,,,,,,,,,,,,,61.24,3,13,2.2,1.3,14.2,1.9,3.1,-,-,-,0.06,,,77.6,,,,,,,,,,,,,46.02,9.5,26.65,7.89,2.9,3.08,0.25,3.6,-,-,-,0,,,,,,,,,,,,,66.09,1.34,8.79,0.47,0.88,16.55,2.71,2.96,-,-,-,0,,,,,,,,,,,,,,,,,,,,,,,,,,,,,,,500,,,,,,,,,,,,,,,,,,,,,,,,,,,,,,,,,,,,,,,,,,,,,,,,,,,,,,,,,,,,,,,,,,,,,,,,,,,,,,,,,,,,,,,,,,,,,,,,,,,,,,,,,,,,,,,,,,,,,,,,,,,,,,,,,,,,,,,,,,,,,,,,,,,,,,,,,
Ni-Al-Ru,Tin et al 04,Superalloys 2004 conf. proc. ,Ofori et al 04,Superalloys 2004 conf. proc. ,pc,phase composition averaged over 3 crystallographic directions,1365,8,-,-,-,-,-,-,-,-,-,-,,,,,,,,,,,,,78.1,-,-,-,3,18.9,-,-,-,-,-,-,,,,,,,,,,,,,,,,,,,,,,,,,,,,,,,,,,,,,,,,74.33,-,-,-,2,24.66,-,-,-,-,-,-,,,,,,,,,,,,,-,,,1.8,,0.75,,,,,,,,,,,,,2000,,,,,,,,,,,,,,,,,,,,,,,,,,,,,,,,,,,,,,,,,,,,,,,,,,,,,,,,,,,,,,,,,,,,,,,,,,,,,,,,,,,,,,,,,,,,,,,,,,,,,,,,,,,,,,,,,,,,,,,,,,,,,,,,,,,,,,,,,,,,,,,,,,,,,,,,,
IN 100,Dreshfield 70,NASA technical note,Kriege and Baris 69,OSTI: 4789116,pc,HT “as cast”,-,-,-,-,-,-,-,-,-,-,-,-,60.8,9.8,15,-,-,5.6,-,-,5.7,3.1,-,-,,,,,,,,,,,,,,,,51.6,22,18.4,-,-,2.3,-,-,0.4,5.3,-,-,,,,,,,,,,,,,,,,,,,,,,,,,,,,,,,,,,,,,,,,,,,,,,,,,,,,,,,,,,,,,,,,,,,,,,,,,,,,,,,,,,,,,,,,,,,,,,,,,,,,,,,,,,,,,,,,,,,,,,,,,,,,,,,,,,,,,,,,,,,,,,,,,,,,,,,,,,,,,,,,,,,,,,,,,,,,,,,,,,,,,,,,,,,,,,,,,,,,,,,,,,,,,,,,,,,,,,,,,,,,
Nicrotung,Dreshfield 70,NASA technical note,Kriege and Baris 69,OSTI: 4789116,pc,HT “as cast”,-,-,-,-,-,-,-,-,-,-,-,-,62.5,11,9.9,-,-,4.4,-,8,4.2,-,-,-,,,,,,,,,,,,,,,,52.6,22.5,14.9,-,-,0.4,-,8.8,0.8,-,-,-,,,,,,,,,,,,,,,,,,,,,,,,,,,,,,,,,,,,,,,,,,,,,,,,,,,,,,,,,,,,,,,,,,,,,,,,,,,,,,,,,,,,,,,,,,,,,,,,,,,,,,,,,,,,,,,,,,,,,,,,,,,,,,,,,,,,,,,,,,,,,,,,,,,,,,,,,,,,,,,,,,,,,,,,,,,,,,,,,,,,,,,,,,,,,,,,,,,,,,,,,,,,,,,,,,,,,,,,,,,,
Nimonic 115,Dreshfield 70,NASA technical note,Kriege and Baris 69,OSTI: 4789116,pc,,1191,1.5,-,-,-,-,1099,6,-,-,-,-,58.2,14.8,14.8,-,-,4.8,-,-,3.9,3.5,-,-,,,,,,,,,,,,,,,,47.5,24.4,20.5,-,-,2.2,-,-,0.5,4.9,-,-,,,,,,,,,,,,,,,,,,,,,,,,,,,,,,,,,,,,,,,,,,,,,,,,,,,,,,,,,,,,,,,,,,,,,,,,,,,,,,,,,,,,,,,,,,,,,,,,,,,,,,,,,,,,,,,,,,,,,,,,,,,,,,,,,,,,,,,,,,,,,,,,,,,,,,,,,,,,,,,,,,,,,,,,,,,,,,,,,,,,,,,,,,,,,,,,,,,,,,,,,,,,,,,,,,,,,,,,,,,,
Rene 41,Dreshfield 70,NASA technical note,Kriege and Baris 69,OSTI: 4789116,pc,,1066,4,-,-,-,-,760,16,-,-,-,-,56,19,10.7,-,-,1.5,-,-,3.1,9.7,-,-,,,,,,,,,,,,,,,,51,23.6,12.8,-,-,0.6,-,-,0.6,11.4,-,-,,,,,,,,,,,,,,,,,,,,,,,,,,,,,,,,,,,,,,,,,,,,,,,,,,,,,,,,,,,,,,,,,,,,,,,,,,,,,,,,,,,,,,,,,,,,,,,,,,,,,,,,,,,,,,,,,,,,,,,,,,,,,,,,,,,,,,,,,,,,,,,,,,,,,,,,,,,,,,,,,,,,,,,,,,,,,,,,,,,,,,,,,,,,,,,,,,,,,,,,,,,,,,,,,,,,,,,,,,,,
Udimet 500,Dreshfield 70,NASA technical note,Kriege and Baris 69,OSTI: 4789116,pc,,1079,4,-,-,-,-,843,24,760,16,-,-,51.8,18.7,19.3,-,-,2.9,-,-,3,4.3,-,-,,,,,,,,,,,,,,,,41.5,26,25.9,-,-,1.1,-,-,0.5,5,-,-,,,,,,,,,,,,,,,,,,,,,,,,,,,,,,,,,,,,,,,,,,,,,,,,,,,,,,,,,,,,,,,,,,,,,,,,,,,,,,,,,,,,,,,,,,,,,,,,,,,,,,,,,,,,,,,,,,,,,,,,,,,,,,,,,,,,,,,,,,,,,,,,,,,,,,,,,,,,,,,,,,,,,,,,,,,,,,,,,,,,,,,,,,,,,,,,,,,,,,,,,,,,,,,,,,,,,,,,,,,,
Udimet 700,Dreshfield 70,NASA technical note,Kriege and Baris 69,OSTI: 4789116,pc,,1171,4,-,-,-,-,982,136,-,-,-,-,53,15.4,18.8,-,-,4.4,-,-,3.4,5,-,-,,,,,,,,,,,,,,,,42.9,22.3,24.4,-,-,2.5,-,-,1.3,6.6,-,-,,,,,,,,,,,,,,,,,,,,,,,,,,,,,,,,,,,,,,,,,,,,,,,,,,,,,,,,,,,,,,,,,,,,,,,,,,,,,,,,,,,,,,,,,,,,,,,,,,,,,,,,,,,,,,,,,,,,,,,,,,,,,,,,,,,,,,,,,,,,,,,,,,,,,,,,,,,,,,,,,,,,,,,,,,,,,,,,,,,,,,,,,,,,,,,,,,,,,,,,,,,,,,,,,,,,,,,,,,,,
Waspalloy,Dreshfield 70,NASA technical note,Kriege and Baris 69,OSTI: 4789116,pc,,1079,4,-,-,-,-,843,24,760,16,-,-,59.9,18.6,13,-,-,1.4,-,-,2.9,4.2,-,-,,,,,,,,,,,,,,,,55.2,19.6,18.8,-,-,0.5,-,-,0.6,5.3,-,-,,,,,,,,,,,,,,,,,,,,,,,,,,,,,,,,,,,,,,,,,,,,,,,,,,,,,,,,,,,,,,,,,,,,,,,,,,,,,,,,,,,,,,,,,,,,,,,,,,,,,,,,,,,,,,,,,,,,,,,,,,,,,,,,,,,,,,,,,,,,,,,,,,,,,,,,,,,,,,,,,,,,,,,,,,,,,,,,,,,,,,,,,,,,,,,,,,,,,,,,,,,,,,,,,,,,,,,,,,,,
IN939,Delargy and Smith 83,10.1007/BF02645547,,,pc,,1160,4,-,-,-,-,1000,6,900,24,700,16,,,,,,,,,,,,,47.28,24.47,18.23,-,-,3.98,0.44,0.62,4.37,-,0.61,-,,,,,,,,,,,,,,,,38.9,36.1,23.1,-,-,1.2,0,0,0.7,-,0,-,,,,,,,,,,,,,61.4,1.8,11.4,-,-,12.5,0,0,12.8,-,0,-,,,,,,,,,,,,,,,,,,,,,,,,,,,,,,,150,,,,,,,,,,,,,,,,,,,,,,,,,,,,,,,,,,,,,,,,816,330,,,,500,,,,,816,200,,,,10000,,,,,850,200,,,,6000,,,,,,,,,,,,,,,,,,,,,,,,,,,,,,,,,,,,,,,,,,,,,,,,,,,,,,,,,,,,,,,,,,,,,,,,,,,,,,,,,,,,,,,,
IN939,Jovanic et al 98,10.1016/s1044-5803(98)00013-8,,,sc,,1150,4,-,-,-,-,850,16,-,-,-,-,48.6,22.4,19,-,-,1.9,1.4,2,3.7,-,1,-,,,,,,,,,,,,,,,36,,,,,,,,,,,,,,,,,,,,,,,,,,,,,,,,,,,,,,,,,,,,,,,,,,,,,,,,,,,,,,,,,,,,,,,,,,,,,,,,,,,,,,,,,,,,,,,,,,,,,,,,,,,,,,,,,,,,,,,,,,,,,,,,,,,,,,,,,,,,,,,,,,,,,,,,,,,,,,,,,,,,,,,,,,,,,,,,,,,,,,,,,,,,,,,,,,,,,,,,,,,,,,,,,,,,,,,,,,,,,,,,,,,,,,,,
AM1,Caron et al 08,Superalloys 2008 conf. proc. ,,,sc,,1300,3,-,-,-,-,1100,9,850,24,-,-,63.8,7.8,6.5,-,-,5.2,7.9,5.7,1.1,2,-,-,,,,,,,,,,,,,,,,,,,,,,,,,,,,,,,,,,,,,,,,,,,,,,,,,,,,,,,,,,,,,,,,,,,,,,,,,,,,,,,,,,,,,,,,,,,,,,,,,,,,,,,,,,,,,,,,,,,,,,,,,,,,,,,,,,,,,,1050,150,,,139,217,,,7.6,0.74,1150,100,,,5.9,21,,,6.4,17.28,,,,,,,,,,,,,,,,,,,,,,,,,,,,,,,,,,,,,,,,,,,,,,,,,,,,,,,,,,,,,,,,,,,,,,,,,,,,,,,,,,,,,,,,,,,,,,
MC2,Caron et al 08,Superalloys 2008 conf. proc. ,,,sc,,1300,3,-,-,-,-,1100,4,850,24,-,-,64.5,8,5,-,-,5,6,8,1.5,2,-,-,,,,,,,,,,,,,,,,,,,,,,,,,,,,,,,,,,,,,,,,,,,,,,,,,,,,,,,,,,,,,,,,,,,,,,,,,,,,,,,,,,,,,,,,,,,,,,,,,,,,,,,,,,,,,,,,,,,,,,,,,,,,,,,,,,,,,,1050,150,,,435,598,,,7.7,0.29,1150,100,,,2.5,5.6,,,5.6,58.19,,,,,,,,,,,,,,,,,,,,,,,,,,,,,,,,,,,,,,,,,,,,,,,,,,,,,,,,,,,,,,,,,,,,,,,,,,,,,,,,,,,,,,,,,,,,,,
MC544,Caron et al 08,Superalloys 2008 conf. proc. ,,,sc,1st HT: raised from 1310 to 1340 for 10hrs,1335,16,-,-,-,-,1100,4,850,24,-,-,70.4,4,-,4,4,6,5,5,0.5,1,-,0.1,,,,,,,,,,,,,,,,,,,,,,,,,,,,,,,,,,,,,,,,,,,,,,,,,,,,,,,,,,,,,,,,,,,,,,,,,,,,,,,,,,,,,,,,,,,,,,,,,,,,,,,,,,,,,,,,,,,,,,,,,,,,,,,,,,,,,,1050,150,,,201,486,,,41,1.03,1150,100,,,81,148,,,19.1,1.63,,,,,,,,,,,,,,,,,,,,,,,,,,,,,,,,,,,,,,,,,,,,,,,,,,,,,,,,,,,,,,,,,,,,,,,,,,,,,,,,,,,,,,,,,,,,,,
MC544-LGP,Caron et al 08,Superalloys 2008 conf. proc. ,,,sc,1st HT: raised from 1310 to 1340 for 10hrs,1335,16,-,-,-,-,1100,4,850,24,-,-,68.1,4,-,3,4,5.8,6,5,-,4,-,0.1,,,,,,,,,,,,,,,,,,,,,,,,,,,,,,,,,,,,,,,,,,,,,,,,,,,,,,,,,,,,,,,,,,,,,,,,,,,,,,,,,,,,,,,,,,,,,,,,,,,,,,,,,,,,,,,,,,,,,,,,,,,,,,,,,,,,,,,,,,,,,,,,,,,,,,,,,,,,,,,,,,,,,,,,,,,,,,,,,,,,,,,,,,,,,,,,,,,,,,,,,,,,,,,,,,,,,,,,,,,,,,,,,,,,,,,,,,,,,,,,,,,,,,,
CMSX-10M,Caron et al 08,Superalloys 2008 conf. proc. ,,,sc,1st HT: raised from 1337 to 1367 for 10hrs,1352,16,-,-,-,-,1152,6,870,24,760,30,69.65,2,1.75,6.5,-,5.78,8.2,5.4,0.24,0.4,0.08,-,,,,,,,,,,,,,,,,,,,,,,,,,,,,,,,,,,,,,,,,,,,,,,,,,,,,,,,,,,,,,,,,,,,,,,,,,,,,,,,,,,,,,,,,,,,,,,,,,,,,,,,,,,,,,,,,,,,,,,,,,,,,,,,,,,,,,,,,,,,,,,,,,,,,,,,,,,,,,,,,,,,,,,,,,,,,,,,,,,,,,,,,,,,,,,,,,,,,,,,,,,,,,,,,,,,,,,,,,,,,,,,,,,,,,,,,,,,,,,,,,,,,,,,
Rene N6,Caron et al 08,Superalloys 2008 conf. proc. ,,,sc,,1320,3,-,-,-,-,1120,3,1080,4,900,4,57.15,4.5,12.5,5.35,-,6,7.5,5.75,-,1.1,-,0.15,,,,,,,,,,,,,,,,,,,,,,,,,,,,,,,,,,,,,,,,,,,,,,,,,,,,,,,,,,,,,,,,,,,,,,,,,,,,,,,,,,,,,,,,,,,,,,,,,,,,,,,,,,,,,,,,,,,,,,,,,,,,,,,,,,,,,,,,,,,,,,,,,,,,,,,,,,,,,,,,,,,,,,,,,,,,,,,,,,,,,,,,,,,,,,,,,,,,,,,,,,,,,,,,,,,,,,,,,,,,,,,,,,,,,,,,,,,,,,,,,,,,,,,
Ni-9.1Al-4.4Ti,Ralph et al 82,10.1016/0304-3991(82)90254-6,,,exp,Length of HT unclear,1350,4,-,-,-,-,-,-,-,-,-,-,,,,,,,,,,,,,86.5,-,-,-,-,9.1,-,-,4.4,-,-,-,,,,,,,,,,,,,,,,86.9,-,-,-,-,8.7,-,-,4.4,-,-,-,,,,,,,,,,,,,76.1,-,-,-,-,16,-,-,7.9,-,-,-,,,,,,,,,,,,,,,,,,,,,,,,,,,,,,,,,,,,,,,,,,,,,,,,,,,,,,,,,,,,,,,,,,,,,,,,,,,,,,,,,,,,,,,,,,,,,,,,,,,,,,,,,,,,,,,,,,,,,,,,,,,,,,,,,,,,,,,,,,,,,,,,,,,,,,,,,,,,,,,,,,,,,,,,,,,,,,,,,,,,,,,,
Ni-9.1Al-4.4Ti,Ralph et al 82,10.1016/0304-3991(82)90254-6,,,exp,Length of HT unclear,1250,4,-,-,-,-,-,-,-,-,-,-,,,,,,,,,,,,,86.5,-,-,-,-,9.1,-,-,4.4,-,-,-,,,,,,,,,,,,,,,,88.5,-,-,-,-,7.8,-,-,3.7,-,-,-,,,,,,,,,,,,,76.4,-,-,-,-,13.8,-,-,9.8,-,-,-,,,,,,,,,,,,,,,,,,,,,,,,,,,,,,,,,,,,,,,,,,,,,,,,,,,,,,,,,,,,,,,,,,,,,,,,,,,,,,,,,,,,,,,,,,,,,,,,,,,,,,,,,,,,,,,,,,,,,,,,,,,,,,,,,,,,,,,,,,,,,,,,,,,,,,,,,,,,,,,,,,,,,,,,,,,,,,,,,,,,,,,,
Ni-9.1Al-4.4Ti,Ralph et al 82,10.1016/0304-3991(82)90254-6,,,exp,Length of HT unclear,1050,4,-,-,-,-,-,-,-,-,-,-,,,,,,,,,,,,,86.5,-,-,-,-,9.1,-,-,4.4,-,-,-,,,,,,,,,,,,,,,,88.1,-,-,-,-,7.6,-,-,4.3,-,-,-,,,,,,,,,,,,,79.3,-,-,-,-,11.5,-,-,9.2,-,-,-,,,,,,,,,,,,,,,,,,,,,,,,,,,,,,,,,,,,,,,,,,,,,,,,,,,,,,,,,,,,,,,,,,,,,,,,,,,,,,,,,,,,,,,,,,,,,,,,,,,,,,,,,,,,,,,,,,,,,,,,,,,,,,,,,,,,,,,,,,,,,,,,,,,,,,,,,,,,,,,,,,,,,,,,,,,,,,,,,,,,,,,,
Ni-20Cr-14Al,Ralph et al 82,10.1016/0304-3991(82)90254-6,,,exp,Not clear how homogenization was carried out,1350,4,-,-,-,-,620,0.0833333333,-,-,-,-,,,,,,,,,,,,,66,20,-,-,-,14,-,-,-,-,-,-,,,,,,,,,,,,,,,,,,,,,,,,,,,,,,,,,,,,,,,,63,11,-,-,-,26,-,-,-,-,-,-,,,,,,,,,,,,,,,,,,,,,,,,,,,,,,,,,,,,,,,,,,,,,,,,,,,,,,,,,,,,,,,,,,,,,,,,,,,,,,,,,,,,,,,,,,,,,,,,,,,,,,,,,,,,,,,,,,,,,,,,,,,,,,,,,,,,,,,,,,,,,,,,,,,,,,,,,,,,,,,,,,,,,,,,,,,,,,,,,,,,,,,,
Astroloy,Blavette et al 96,10.1016/S1359-6454(96)00087-0,,,pc,,1200,1,-,-,-,-,-,-,-,-,-,-,,,,,,,,,,,,,52.6,15.9,16,-,-,8.5,-,-,4,3,-,-,,42,,,,,,,,,,,,,,46,25.7,19.8,-,-,3.9,-,-,0.7,3.9,-,-,,,,,,,,,,,,,64.8,2.5,8,-,,14.7,-,-,8.6,1.4,-,-,,,,,,,,,,,,,,,,,,,,,,,,,,,,,,,,,,,,,,,,,,,,,,,,,,,,,,,,,,,,,,,,,,,,,,,,,,,,,,,,,,,,,,,,,,,,,,,,,,,,,,,,,,,,,,,,,,,,,,,,,,,,,,,,,,,,,,,,,,,,,,,,,,,,,,,,,,,,,,,,,,,,,,,,,,,,,,,,,,,,,,,,
CMSX-10,Fuchs and Boutwell 01,10.1016/S0921-5093(01)01825-1,,,sc,As cast,-,-,-,-,-,-,-,-,-,-,-,-,67.58,3.3,2.2,6.4,-,5.74,8.4,5.6,0.23,0.41,0.1,0.04,,,,,,,,,,,,,,,,,,,,,,,,,,,,,,,,,,,,,,,,,,,,,,,,,,,,,,,,,,,,,,,,,1.09,1.11,1.98,-,0.72,0.6,1.25,0.49,1.03,,,,,,,,,,,,,,,,,,,,,,,,,,,,,,,,,,,,,,,,,,,,,,,,,,,,,,,,,,,,,,,,,,,,,,,,,,,,,,,,,,,,,,,,,,,,,,,,,,,,,,,,,,,,,,,,,,,,,,,,,,,,,,,,,,,,,,,,,,,,,,,,,,,,,,,,,,,,,,,,,,,,,,,,,,,,,,
SX-1,Fuchs and Boutwell 01,10.1016/S0921-5093(01)01825-1,Pollock et al 88,Superalloys 1988 conf. proc. ,exp,As cast,-,-,-,-,-,-,-,-,-,-,-,-,57.74,4.5,12.5,6.3,-,6,7,5.8,-,-,-,0.16,,,,,,,,,,,,,,,,,,,,,,,,,,,,,,,,,,,,,,,,,,,,,,,,,,,,,,,,,,,,,,,,,1.11,1.09,1.98,-,0.78,0.66,1.75,-,-,,,,,,,,,,,,,,,,,,,,,,,,,,,,,,,,,,,,,,,,,,,,,,,,,,,,,,,,,,,,,,,,,,,,,,,,,,,,,,,,,,,,,,,,,,,,,,,,,,,,,,,,,,,,,,,,,,,,,,,,,,,,,,,,,,,,,,,,,,,,,,,,,,,,,,,,,,,,,,,,,,,,,,,,,,,,,,
Ni-8.5Cr-10Al-2Re-0,Yoon et al 07,10.1016/j.actamat.2006.08.027,,,exp,,1300,20,-,-,-,-,980,0.5,-,-,-,-,,,,,,,,,,,,,78.5,7.5,-,1,-,9,-,-,-,-,-,-,,,17.98,,,,,,,,,,,,,80.54,9.68,-,2.04,-,7.75,-,-,-,-,-,-,,,,,,,,,,,,,76.17,6.46,-,1.77,-,15.6,-,-,-,-,-,-,,,,,,,,,,,,,,,,,,,,,,,,,,,,,,,4.18,,,,,,,,,,,,,,,,,,,,,,,,,,,,,,,,,,,,,,,,,,,,,,,,,,,,,,,,,,,,,,,,,,,,,,,,,,,,,,,,,,,,,,,,,,,,,,,,,,,,,,,,,,,,,,,,,,,,,,,,,,,,,,,,,,,,,,,,,,,,,,,,,,,,,,,,,
Ni-8.5Cr-10Al-2Re-.25,Yoon et al 07,10.1016/j.actamat.2006.08.027,,,exp,,1300,20,-,-,-,-,980,0.5,800,0.25,-,-,,,,,,,,,,,,,79.5,8.5,-,2,-,10,-,-,-,-,-,-,,,20.33,,,,,,,,,,,,,80.77,9.73,-,2.1,-,7.4,-,-,-,-,-,-,,,,,,,,,,,,,76.33,5.46,-,1.29,-,16.92,-,-,-,-,-,-,,,,,,,,,,,,,,,,,,,,,,,,,,,,,,,5.77,,,,,,,,,,,,,,,,,,,,,,,,,,,,,,,,,,,,,,,,,,,,,,,,,,,,,,,,,,,,,,,,,,,,,,,,,,,,,,,,,,,,,,,,,,,,,,,,,,,,,,,,,,,,,,,,,,,,,,,,,,,,,,,,,,,,,,,,,,,,,,,,,,,,,,,,,
Ni-8.5Cr-10Al-2Re-1,Yoon et al 07,10.1016/j.actamat.2006.08.027,,,exp,,1300,20,-,-,-,-,980,0.5,800,1,-,-,,,,,,,,,,,,,79.5,8.5,-,2,-,10,-,-,-,-,-,-,,,22.88,,,,,,,,,,,,,80.829,9.956,-,2.133,-,7.082,-,-,-,-,-,-,,,,,,,,,,,,,76.77,5.04,-,1,-,17.19,-,-,-,-,-,-,,,,,,,,,,,,,,,,,,,,,,,,,,,,,,,8.26,,,,,,,,,,,,,,,,,,,,,,,,,,,,,,,,,,,,,,,,,,,,,,,,,,,,,,,,,,,,,,,,,,,,,,,,,,,,,,,,,,,,,,,,,,,,,,,,,,,,,,,,,,,,,,,,,,,,,,,,,,,,,,,,,,,,,,,,,,,,,,,,,,,,,,,,,
Ni-8.5Cr-10Al-2Re-4,Yoon et al 07,10.1016/j.actamat.2006.08.027,,,exp,,1300,20,-,-,-,-,980,0.5,800,4,-,-,,,,,,,,,,,,,79.5,8.5,-,2,-,10,-,-,-,-,-,-,,,24.69,,,,,,,,,,,,,80.995,9.953,-,2.122,-,6.931,-,-,-,-,-,-,,,,,,,,,,,,,76.713,5.055,-,0.976,-,17.285,-,-,-,-,-,-,,,,,,,,,,,,,,,,,,,,,,,,,,,,,,,12.61,,,,,,,,,,,,,,,,,,,,,,,,,,,,,,,,,,,,,,,,,,,,,,,,,,,,,,,,,,,,,,,,,,,,,,,,,,,,,,,,,,,,,,,,,,,,,,,,,,,,,,,,,,,,,,,,,,,,,,,,,,,,,,,,,,,,,,,,,,,,,,,,,,,,,,,,,
Ni-8.5Cr-10Al-2Re-16,Yoon et al 07,10.1016/j.actamat.2006.08.027,,,exp,,1300,20,-,-,-,-,980,0.5,800,16,-,-,,,,,,,,,,,,,79.5,8.5,-,2,-,10,-,-,-,-,-,-,,,24.64,,,,,,,,,,,,,80.909,9.955,-,2.157,-,6.979,-,-,-,-,-,-,,,,,,,,,,,,,76.66,4.99,-,0.93,-,17.44,-,-,-,-,-,-,,,,,,,,,,,,,,,,,,,,,,,,,,,,,,,15.98,,,,,,,,,,,,,,,,,,,,,,,,,,,,,,,,,,,,,,,,,,,,,,,,,,,,,,,,,,,,,,,,,,,,,,,,,,,,,,,,,,,,,,,,,,,,,,,,,,,,,,,,,,,,,,,,,,,,,,,,,,,,,,,,,,,,,,,,,,,,,,,,,,,,,,,,,
Ni-8.5Cr-10Al-2Re-64,Yoon et al 07,10.1016/j.actamat.2006.08.027,,,exp,,1300,20,-,-,-,-,980,0.5,800,64,-,-,,,,,,,,,,,,,79.5,8.5,-,2,-,10,-,-,-,-,-,-,,,25.26,,,,,,,,,,,,,81.086,9.894,-,2.182,-,6.838,-,-,-,-,-,-,,,,,,,,,,,,,76.396,5.069,-,0.935,-,17.57,-,-,-,-,-,-,,,,,,,,,,,,,,,,,,,,,,,,,,,,,,,23.14,,,,,,,,,,,,,,,,,,,,,,,,,,,,,,,,,,,,,,,,,,,,,,,,,,,,,,,,,,,,,,,,,,,,,,,,,,,,,,,,,,,,,,,,,,,,,,,,,,,,,,,,,,,,,,,,,,,,,,,,,,,,,,,,,,,,,,,,,,,,,,,,,,,,,,,,,
Ni-8.5Cr-10Al-2Re-264,Yoon et al 07,10.1016/j.actamat.2006.08.027,,,exp,,1300,20,-,-,-,-,980,0.5,800,264,-,-,,,,,,,,,,,,,79.5,8.5,-,2,-,10,-,-,-,-,-,-,,,25.41,,,,,,,,,,,,,81,10,-,2.14,-,6.86,-,-,-,-,-,-,,,,,,,,,,,,,76.312,5.227,-,0.849,-,17.612,-,-,-,-,-,-,,,,,,,,,,,,,,,,,,,,,,,,,,,,,,,31.47,,,,,,,,,,,,,,,,,,,,,,,,,,,,,,,,,,,,,,,,,,,,,,,,,,,,,,,,,,,,,,,,,,,,,,,,,,,,,,,,,,,,,,,,,,,,,,,,,,,,,,,,,,,,,,,,,,,,,,,,,,,,,,,,,,,,,,,,,,,,,,,,,,,,,,,,,
ERBO/1A-1,Parsa et al 14,10.1002/adem.201400136,,,sc,As cast; Comp.+properties. are avg. of several samples,-,-,-,-,-,-,-,-,-,-,-,-,60.7,6.2,9.4,2.9,-,5.8,6.8,6.5,1,0.6,-,0.1,,,,,,,,,,,,,,,,,,,,,,,,,,,,,,,,,,,,,,,,,,,,,,,,,,,,,,,,,,,,,,,,,,,,,,,,,,,,,,,,,,,,,,,,8.7,,,,,,,252,161,131,,,,,,,,,,,,,,,,,,,,,,,,,,,,,,,,,,,,,,,,,,,,,,,,,,,,,,,,,,,,,,,,,,,,,,,,,,,,,,,,,,,,,,,,,,,,,,,,,,,,,,,,,,,,,,,,,,,,,,,,,,,,,,,,,,,,,,,,,,,,,,,,,,,,,,
ERBO/1C-1,Parsa et al 14,10.1002/adem.201400136,,,sc,Comp.+properties. are avg. of several samples,1290,1,1300,6,-,-,1140,4,870,16,-,-,60.9,6.2,9.3,2.8,-,5.7,6.8,6.6,1,0.6,-,0.1,,,,,,,,,,,,,,,,40,17.2,17.9,12.3,-,1.1,0.4,9.8,0.1,1.2,-,0,,,,,,,,,,,,,66.4,1.8,6,0.6,-,7.6,9.9,5.8,1.4,0.4,-,0.1,,,,,,,,,,,,,,,,,,,,,,,,,,,,,,,,,,,,,8.7,,,,,,,248,157,131,,,,,,,,,,,,,,,,,,,,,,,,,,,,,,,,,,,,,1050,160,,,50,165,,,24,3.9,,,,,,,,,,,,,,,,,,,,,,,,,,,,,,,,,,,,,,,,,,,,,,,,,,,,,,,,,,,,,,,,,,,,,,,,,,,,,,,,,,,,,,,,,,,,,,,,,,,,,,,,
CMSX-4,Sieboerger et al 01,10.1016/S0921-5093(00)01318-6,,,sc,Appear to be as cast,-,-,-,-,-,-,-,-,-,-,-,-,,,,,,,,,,,,,63.1,7.6,10.3,1,-,12.5,2,2,1.3,0.4,-,0.1,,,,,,,,,,,,,,,,,,,,,,,,,,,,,,,,,,,,,,,,,,,,,,,,,,,,,,,,,,,,,,,,,,,,,,,,,,,,,,,,,,,262,161,144,24,,,,,127,131,0.389,697,,,,,101,107,0.398,897,,,,,90,99,0.409,997,,,,,82,94,0.42,,,,,,,,,,,,,,,,,,,,,,,,,,,,,,,,,,,,,,,,,,,,,,,,,,,,,,,,,,,,,,,,,,,,,,,,,,,,,,,,,,,,,,,,,,,,,,,,,,,,,,,,,,,,,,,,,,,,,,
CMSX-4 matrix,Sieboerger et al 01,10.1016/S0921-5093(00)01318-6,,,γ,,-,-,-,-,-,-,-,-,-,-,-,-,,,,,,,,,,,,,-,-,-,-,-,-,-,-,-,-,-,-,-,-,-,,,,,,,,,,,,,54.9,20,18.6,3,-,-,-,2.7,-,0.8,-,-,,,,,,,,,,,,,,,,,,,,,,,,,,,,,,,,,,,,,,,,,,,,,,,,,,,,,,,,,,,24,,,,,128,136,0.391,597,,,,,100,111,0.41,697,,,,,93,106,0.415,797,,,,,87,102,0.418,,,,,,,,,,,,,,,,,,,,,,,,,,,,,,,,,,,,,,,,,,,,,,,,,,,,,,,,,,,,,,,,,,,,,,,,,,,,,,,,,,,,,,,,,,,,,,,,,,,,,,,,,,,,,,,,,,,,,,
CMSX-4 γ’,Sieboerger et al 01,10.1016/S0921-5093(00)01318-6,,,γ’,,-,-,-,-,-,-,-,-,-,-,-,-,,,,,,,,,,,,,-,-,-,-,-,-,-,-,-,-,-,-,-,-,-,,,,,,,,,,,,,,,,,,,,,,,,,,,,,,,,,,,,,74,-,-,-,-,23,1,-,2,-,-,-,,,,,,,,,,,,,,,,,,,,,,,,,,,,,,,,,,,24,,,,,113,129,0.403,597,,,,,95,109,0.422,697,,,,,92,106,0.426,797,,,,,89,103,0.43,,,,,,,,,,,,,,,,,,,,,,,,,,,,,,,,,,,,,,,,,,,,,,,,,,,,,,,,,,,,,,,,,,,,,,,,,,,,,,,,,,,,,,,,,,,,,,,,,,,,,,,,,,,,,,,,,,,,,,
R1,Fahrmann et al 99,10.1016/S0921-5093(98)00953-8,,,exp,,1310,48,-,-,-,-,1020,470,-,-,-,-,89.5,-,-,-,-,9.6,-,-,-,0.9,-,-,,,,,,,,,,,,,,,47,,,,,,,,,,,,,,,,,,,,,,,,,,,,,,,,,,,,,,,,,,,,,,,,,,,,,,,,,,,,,,,,,,,,,,,,,,,,0.28,,,,,,,20,,,,,116,,,800,,,,,89,,,1000,,,,,75,,,1200,,,,,58,,,,,,,,,,,,,,,,,,,,,,,,,,,,,,,,,,,,,,,,,,,,,,,,,,,,,,,,,,,,,,,,,,,,,,,,,,,,,,,,,,,,,,,,,,,,,,,,,,,,,,,,,,,,,,,,,,,,,,,,
R2,Fahrmann et al 99,10.1016/S0921-5093(98)00953-8,,,exp,,1300,48,-,-,-,-,-,-,-,-,-,-,91.5,-,-,-,-,6.6,-,-,-,1.9,-,-,,,,,,,,,,,,,,,,,,,,,,,,,,,,,,,,,,,,,,,,,,,,,,,,,,,,,,,,,,,,,,,,,,,,,,,,,,,,,,,,,,,,,,,,,,,,,,,,,,20,,,,,121,,,800,,,,,90,,,1000,,,,,76,,,1200,,,,,63,,,,,,,,,,,,,,,,,,,,,,,,,,,,,,,,,,,,,,,,,,,,,,,,,,,,,,,,,,,,,,,,,,,,,,,,,,,,,,,,,,,,,,,,,,,,,,,,,,,,,,,,,,,,,,,,,,,,,,,,
R3,Fahrmann et al 99,10.1016/S0921-5093(98)00953-8,,,exp,,1310,48,-,-,-,-,985,800,-,-,-,-,78.9,-,-,-,-,6,-,-,-,15.1,-,-,,,,,,,,,,,,,,,60,,,,,,,,,,,,,,,,,,,,,,,,,,,,,,,,,,,,,,,,,,,,,,,,,,,,,,,,,,,,,,,,,,,,,,,,,,,,-0.45,,,,,,,20,,,,,124,,,800,,,,,98,,,1000,,,,,83,,,1200,,,,,56,,,,,,,,,,,,,,,,,,,,,,,,,,,,,,,,,,,,,,,,,,,,,,,,,,,,,,,,,,,,,,,,,,,,,,,,,,,,,,,,,,,,,,,,,,,,,,,,,,,,,,,,,,,,,,,,,,,,,,,,
R4,Fahrmann et al 99,10.1016/S0921-5093(98)00953-8,,,exp,,1300,48,-,-,-,-,-,-,-,-,-,-,75,-,-,-,-,2.8,-,-,-,22.2,-,-,,,,,,,,,,,,,,,,,,,,,,,,,,,,,,,,,,,,,,,,,,,,,,,,,,,,,,,,,,,,,,,,,,,,,,,,,,,,,,,,,,,,,,,,,,,,,,,,,,20,,,,,126,,,800,,,,,93,,,1000,,,,,74,,,1200,,,,,60,,,,,,,,,,,,,,,,,,,,,,,,,,,,,,,,,,,,,,,,,,,,,,,,,,,,,,,,,,,,,,,,,,,,,,,,,,,,,,,,,,,,,,,,,,,,,,,,,,,,,,,,,,,,,,,,,,,,,,,,
SRR99,Hopgood and Martin 85,10.1016/0025-5416(86)90092-3,,,sc,,1300,4,-,-,-,-,-,-,-,-,-,-,,,,,,,,,,,,,66.73,9.62,5,-,-,12,0.91,3.04,2.7,-,-,-,,,,,,,,,,,,,,,,,,,,,,,,,,,,,,,,,,,,,,,,,,,,,,,,,,,,,,,,,,,,,,,,,,,,,,,,,,,,,,,,,,,,,,,,,,,,,,,,,,,,,,,,,,,,,,,,,,,,,,,,,,750,800,,,3.5,145,,,17.5,,,,,,,,,,,,,,,,,,,,,,,,,,,,,,,,,,,,,,,,,,,,,,,,,,,,,,,,,,,,,,,,,,,,,,,,,,,,,,,,,,,,,,,,,,,,,,,,,,,,,,,,,
SRR99,Hopgood and Martin 85,10.1016/0025-5416(86)90092-3,,,sc,,1300,4,-,-,-,-,1100,0.1666666667,-,-,-,-,,,,,,,,,,,,,66.73,9.62,5,-,-,12,0.91,3.04,2.7,-,-,-,,,,,,,,,,,,,,,,,,,,,,,,,,,,,,,,,,,,,,,,,,,,,,,,,,,,,,,,,,,,,,,,,,,,,,,,,,,,,,,,,,,,,,,,,,,,,,,,,,,,,,,,,,,,,,,,,,,,,,,,,,750,800,,,1.8,137,,,19.7,,,,,,,,,,,,,,,,,,,,,,,,,,,,,,,,,,,,,,,,,,,,,,,,,,,,,,,,,,,,,,,,,,,,,,,,,,,,,,,,,,,,,,,,,,,,,,,,,,,,,,,,,
SRR99,Hopgood and Martin 85,10.1016/0025-5416(86)90092-3,,,sc,,1300,4,-,-,-,-,1100,1,-,-,-,-,,,,,,,,,,,,,66.73,9.62,5,-,-,12,0.91,3.04,2.7,-,-,-,,,,,,,,,,,,,,,,,,,,,,,,,,,,,,,,,,,,,,,,,,,,,,,,,,,,,,,,,,,,,,,,,,,,,,,,,,,,,,,,,,,,,,,,,,,,,,,,,,,,,,,,,,,,,,,,,,,,,,,,,,750,800,,,1.5,105,,,17.5,,,,,,,,,,,,,,,,,,,,,,,,,,,,,,,,,,,,,,,,,,,,,,,,,,,,,,,,,,,,,,,,,,,,,,,,,,,,,,,,,,,,,,,,,,,,,,,,,,,,,,,,,
SRR99,Hopgood and Martin 85,10.1016/0025-5416(86)90092-3,,,sc,,1300,4,-,-,-,-,1100,1,870,16,-,-,,,,,,,,,,,,,66.73,9.62,5,-,-,12,0.91,3.04,2.7,-,-,-,,,,,,,,,,,,,,,,,,,,,,,,,,,,,,,,,,,,,,,,,,,,,,,,,,,,,,,,,,,,,,,,,,,,,,,,,,,,,,,,,,,,,,,,,,,,,,,,,,,,,,,,,,,,,,,,,,,,,,,,,,750,800,,,,313,,,9.6,,,,,,,,,,,,,,,,,,,,,,,,,,,,,,,,,,,,,,,,,,,,,,,,,,,,,,,,,,,,,,,,,,,,,,,,,,,,,,,,,,,,,,,,,,,,,,,,,,,,,,,,,
U720Li,Yuan et al 11,10.1557/jmr.2011.346,,,pc,Creep data from paper not incl. due to pc nature of alloys,1100,4,-,-,-,-,650,24,760,16,-,-,,,,,,,,,,,,,55.2,17.7,14.2,-,-,5,-,0.4,5.7,1.8,-,-,,,,,,,,,,,,,,,,46.6,28.9,19.8,-,-,1.2,-,0.5,0.3,2.7,-,-,,,,,,,,,,,,,,,,,,,,,,,,,,,,,,,,,,,,,,,,,,,,,,,,,,,,,,,,,,,,,,,,,,,,,,,,,,,,,,,,,,,,,,,,,,,,,,,,,,,,,,,,,,,,,,,,,,,,,,,,,,,,,,,,,,,,,,,,,,,,,,,,,,,,,,,,,,,,,,,,,,,,,,,,,,,,,,,,,,,,,,,,,,,,,,,,,,,,,,,,,725,35.9,,,,,,
TMW-2,Yuan et al 11,10.1557/jmr.2011.346,,,pc,Creep data from paper not incl. due to pc nature of alloys,1100,4,-,-,-,-,650,24,760,16,-,-,,,,,,,,,,,,,49.6,15.6,20.9,-,-,4.8,-,0.4,7,1.7,-,-,,,,,,,,,,,,,,,,38.3,27.4,29.8,-,-,0.9,-,0.6,0.4,2.6,-,-,,,,,,,,,,,,,,,,,,,,,,,,,,,,,,,,,,,,,,,,,,,,,,,,,,,,,,,,,,,,,,,,,,,,,,,,,,,,,,,,,,,,,,,,,,,,,,,,,,,,,,,,,,,,,,,,,,,,,,,,,,,,,,,,,,,,,,,,,,,,,,,,,,,,,,,,,,,,,,,,,,,,,,,,,,,,,,,,,,,,,,,,,,,,,,,,,,,,,,,,,725,23.4,,,,,,
TMW-4M3,Yuan et al 11,10.1557/jmr.2011.346,,,pc,Creep data from paper not incl. due to pc nature of alloys,1100,4,-,-,-,-,650,24,760,16,-,-,,,,,,,,,,,,,47.1,14.7,24,-,-,4.8,-,0.4,7.3,1.7,-,-,,,,,,,,,,,,,,,,34.6,27.1,34,-,-,0.9,-,0.5,0.4,2.5,-,-,,,,,,,,,,,,,,,,,,,,,,,,,,,,,,,,,,,,,,,,,,,,,,,,,,,,,,,,,,,,,,,,,,,,,,,,,,,,,,,,,,,,,,,,,,,,,,,,,,,,,,,,,,,,,,,,,,,,,,,,,,,,,,,,,,,,,,,,,,,,,,,,,,,,,,,,,,,,,,,,,,,,,,,,,,,,,,,,,,,,,,,,,,,,,,,,,,,,,,,,,725,19.9,,,,,,
TMW-26,Yuan et al 11,10.1557/jmr.2011.346,,,pc,Creep data from paper not incl. due to pc nature of alloys,1100,4,-,-,-,-,650,24,760,16,-,-,,,,,,,,,,,,,46.9,14.7,25.4,-,-,4.6,-,0.4,6.5,1.5,-,-,,,,,,,,,,,,,,,,36,24.8,34.7,-,-,1,-,0.6,0.5,2.4,-,-,,,,,,,,,,,,,,,,,,,,,,,,,,,,,,,,,,,,,,,,,,,,,,,,,,,,,,,,,,,,,,,,,,,,,,,,,,,,,,,,,,,,,,,,,,,,,,,,,,,,,,,,,,,,,,,,,,,,,,,,,,,,,,,,,,,,,,,,,,,,,,,,,,,,,,,,,,,,,,,,,,,,,,,,,,,,,,,,,,,,,,,,,,,,,,,,,,,,,,,,,725,27.3,,,,,,
NKH-304,Tsuno et al 09,10.1007/s11661-008-9744-6,,,sc,Creep tests interrupted at 500 hrs (took min rate from value at this time),1310,10,1320,12,1325,12,1180,4,871,20,-,-,58.48,6,11,4.8,-,5.4,6.8,6,1.4,-,-,0.12,,,,,,,,,,,,,,,,,,,,,,,,,,,,,,,,,,,,,,,,,,,,,,,,,,,,,,,,,,,,,,,,,,,,,,,,,,,,,,,,,,,,,,,,,,,,,,345,,,,,,,1070,,,,,,,,,,,,,,,,,,,,,,,,,,,,,,,,,750,750,,,11,,2.9,,,0.53,,,,,,,,,,,,,,,,,,,,,,,,,,,,,,,,,,,,,,,,,,,,,,,,,,,,,,,,,,,,,,,,,,,,,,,,,,,,,,,,,,,,,,,,,,,,,,,,,,,,,,,,
NKH-510,Tsuno et al 09,10.1007/s11661-008-9744-6,,,sc,Creep tests interrupted at 500 hrs (took min rate from value at this time),1310,10,1320,12,-,-,1160,4,871,20,-,-,55.48,6,11,4.8,3,5.4,6.8,6,1.4,-,-,0.12,,,,,,,,,,,,,,,,,,,,,,,,,,,,,,,,,,,,,,,,,,,,,,,,,,,,,,,,,,,,,,,,,,,,,,,,,,,,,,,,,,,,,,,,,,,,,,310,,,,,,,1040,,,,,,,,,,,,,,,,,,,,,,,,,,,,,,,,,750,750,,,,,0.1,,,0.07,,,,,,,,,,,,,,,,,,,,,,,,,,,,,,,,,,,,,,,,,,,,,,,,,,,,,,,,,,,,,,,,,,,,,,,,,,,,,,,,,,,,,,,,,,,,,,,,,,,,,,,,
4.5%-Re alloy,Tian et al 12,10.1016/j.msea.2012.02.054,,,sc,Composition not specified as wt or at % (authors use wt in other papers).,1280,2,1320,4,-,-,1120,4,870,24,-,-,66.5,6,8,4.5,-,6,-,9,-,-,-,-,,,,,,,,,,,,,,,,,,,,,,,,,,,,,,,,,,,,,,,,,,,,,,,,,,,,,,,,,,,,,,,,,,,,,,,,,,,,,,,,,,,,,,,,,,,,,,450,,,,,,,,,,,,,,,,,,,,,,,,,,,,,,,,,,,,,,,,760,800,,,15,426,,,10.3,3.3,780,800,,,8,259,,,12.5,6.9,800,800,,,7,121.3,,,13.6,18.9,760,820,,,8,352,,,11.5,3.3,760,840,,,7,102,,,13.5,12.2,,,,,,,,,,,,,,,,,,,,,,,,,,,,,,,,,,,,,,,,,,,,,,,,,,,,,,,,,,,,,,,,
Re-free alloy,Tian et al 12,10.1016/j.msea.2012.02.054,,,sc,Composition and HT not specified – assumed same as above alloy,1280,2,1320,4,-,-,1120,4,870,24,-,-,71,6,8,-,-,6,-,9,-,-,-,-,,,,,,,,,,,,,,,,,,,,,,,,,,,,,,,,,,,,,,,,,,,,,,,,,,,,,,,,,,,,,,,,,,,,,,,,,,,,,,,,,,,,,,,,,,,,,,,,,,,,,,,,,,,,,,,,,,,,,,,,,,,,,,,,,,,,,,760,800,,,11,121.1,,,12,,,,,,,,,,,,,,,,,,,,,,,,,,,,,,,,,,,,,,,,,,,,,,,,,,,,,,,,,,,,,,,,,,,,,,,,,,,,,,,,,,,,,,,,,,,,,,,,,,,,,,,,,
2%-Re alloy,Tian et al 16,10.1016/j.jmst.2016.01.020,,,sc,,1290,1,1300,2,1315,4,1120,4,870,32,-,-,60.12,4.1,9.21,2.11,-,6.12,7.12,9.12,-,2.1,-,-,,,,,,,,,,,,,,,,,,,,,,,,,,,,,,,,,,,,,,,,,,,,,,,,,,,,,,,,,,,,,,,,,,,,,,,,,,,,,,,,,,,,,,,,,,,,,,,,,,,,,,,,,,,,,,,,,,,,,,,,,,,,,,,,,,,,,,760,810,,,14.5,241,,,10.5,0.04,980,300,,,9.3,163,,,12.9,0.06,1070,160,,,4.6,133,,,10.4,0.06,,,,,,,,,,,,,,,,,,,,,,,,,,,,,,,,,,,,,,,,,,,,,,,,,,,,,,,,,,,,,,,,,,,,,,,,,,,,,,,,,,,,
UMF20,Ma et al 07,10.1016/j.actamat.2007.06.042,,,sc,Approx vol. % and size for precipitates,1300,8,-,-,-,-,1100,8,-,-,-,-,,,,,,,,,,,,,67,8,2.5,1.5,3.5,13.9,2.8,1,-,-,-,-,,,68,48.1,14.7,4.5,15.5,9.4,1,2.4,4.5,-,-,-,-,,,,,,,,,,,,,62.6,2.7,2.2,0,2.8,2.9,24.4,2.5,-,-,-,-,,,,,,,,,,,,,0.8,5.4,2.1,,3.4,0.3,0.1,1.8,-,-,-,-,,,,,,,,,,,,,,,,,,,350,,,,,,,,,,,,,,,,,,,,,,,,,,,,,,,,,,,,,,,,950,290,,,,,,,,0.6,,,,,,,,,,,,,,,,,,,,,,,,,,,,,,,,,,,,,,,,,,,,,,,,,,,,,,,,,,,,,,,,,,,,,,,,,,,,,,,,,,,,,,,,,,,,,,,,,,,,,,,,
UMF30,Ma et al 07,10.1016/j.actamat.2007.06.042,,,sc,Approx vol. % and size for precipitates,1290,8,-,-,-,-,1100,8,-,-,-,-,,,,,,,,,,,,,59,8,10.5,1.5,3.5,13.8,2.7,1,-,-,-,-,,,68,37.9,13.6,14.3,16.7,9.2,1.5,2.6,4.5,-,-,-,-,,,,,,,,,,,,,57.9,2.4,6.7,0.2,3,5.2,20.4,2.5,-,-,-,-,,,,,,,,,,,,,,,,,,,,,,,,,,,,,,,,,,,,,,,,,,,350,,,,,,,,,,,,,,,,,,,,,,,,,,,,,,,,,,,,,,,,950,290,,,,,,,,0.09,,,,,,,,,,,,,,,,,,,,,,,,,,,,,,,,,,,,,,,,,,,,,,,,,,,,,,,,,,,,,,,,,,,,,,,,,,,,,,,,,,,,,,,,,,,,,,,,,,,,,,,,
UMF31,Ma et al 07,10.1016/j.actamat.2007.06.042,,,sc,Approx vol. % and size for precipitates,1305,16,-,-,-,-,1100,8,-,-,-,-,,,,,,,,,,,,,65.5,8,2.5,2.5,3.5,13.7,2.8,1.5,-,-,-,-,,,68,35,14.2,3.9,26.8,9.9,1.3,3.1,6,-,-,-,-,,,,,,,,,,,,,62,2.2,2,0,2.6,5.9,21.5,3.3,-,-,-,-,,,,,,,,,,,,,0.6,6.5,2,,3.8,0.2,0.1,1.8,-,-,-,-,,,,,,,,,,,,,,,,,,,350,,,,,,,,,,,,,,,,,,,,,,,,,,,,,,,,,,,,,,,,950,290,,,,,,,,0.1,,,,,,,,,,,,,,,,,,,,,,,,,,,,,,,,,,,,,,,,,,,,,,,,,,,,,,,,,,,,,,,,,,,,,,,,,,,,,,,,,,,,,,,,,,,,,,,,,,,,,,,,
UMF32,Ma et al 07,10.1016/j.actamat.2007.06.042,,,sc,Approx vol. % and size for precipitates,1300,8,-,-,-,-,1100,8,-,-,-,-,,,,,,,,,,,,,57.5,8,10.5,2.5,3.5,13.7,2.8,1.5,-,-,-,-,,,68,27.7,12.7,12.4,27.9,9,1.3,2.2,7,-,-,-,-,,,,,,,,,,,,,57.1,2.3,6.8,0,3.1,5.7,21.6,3.3,-,-,-,-,,,,,,,,,,,,,0.5,5.5,1.8,,2.9,0.2,0.1,2.1,-,-,-,-,,,,,,,,,,,,,,,,,,,350,,,,,,,,,,,,,,,,,,,,,,,,,,,,,,,,,,,,,,,,950,290,,,,,,,,0.05,,,,,,,,,,,,,,,,,,,,,,,,,,,,,,,,,,,,,,,,,,,,,,,,,,,,,,,,,,,,,,,,,,,,,,,,,,,,,,,,,,,,,,,,,,,,,,,,,,,,,,,,
SSR300D,Hobbs et al 08,10.1016/j.msea.2007.12.045,Erickson 96,Superalloys 1996 conf. proc. ,exp,Heat treatment assumed to be standard for CMSX-10,1366,4,-,-,-,-,1152,1,871,24,760,30,62.5,4,8,4.7,-,5.8,7.5,5.2,-,2.2,-,0.1,,,,,,,,,,,,,,,,,,,,,,,,,,,,,,,,,,,,,,,,,,,,,,,,,,,,,,,,,,,,,,,,,,,,,,,,,,,,,,,,,,,,,,,,,,,,,,,,,,,,,,,,,,,,,,,,,,,,,,,,,,,,,,,,,,,,,,,490,,26,,,,,,,,350,,27.1,,,,,,,,275,,27.7,,,,,,,,175,,28.8,,,,,,,,140,,29.8,,,,,,,,,,,,,,,,,,,,,,,,,,,,,,,,,,,,,,,,,,,,,,,,,,,,,,,,,,,,,,,,,,,,,,
SSR300D+3Ru,Hobbs et al 08,10.1016/j.msea.2007.12.045,Erickson 96,Superalloys 1996 conf. proc. ,exp,Heat treatment assumed to be standard for CMSX-10,1366,4,-,-,-,-,1152,1,871,24,760,30,60.6,3.9,7.8,4.6,3,5.6,7.3,5,-,2.1,-,0.1,,,,,,,,,,,,,,,,,,,,,,,,,,,,,,,,,,,,,,,,,,,,,,,,,,,,,,,,,,,,,,,,,,,,,,,,,,,,,,,,,,,,,,,,,,,,,,,,,,,,,,,,,,,,,,,,,,,,,,,,,,,,,,,,,,,,,,,490,,26.2,,,,,,,,350,,27.4,,,,,,,,275,,28,,,,,,,,175,,29.5,,,,,,,,140,,31.1,,,,,,,,,,,,,,,,,,,,,,,,,,,,,,,,,,,,,,,,,,,,,,,,,,,,,,,,,,,,,,,,,,,,,,
CMSX-10N,Hobbs et al 08,10.1016/j.msea.2007.12.045,Erickson 96,Superalloys 1996 conf. proc. ,sc,Heat treatment assumed to be standard for CMSX-10,1366,4,-,-,-,-,1152,1,871,24,760,30,67.8,1.6,3.1,6.8,-,5.9,8.5,5.5,0.1,0.5,0.1,0.1,,,,,,,,,,,,,,,,,,,,,,,,,,,,,,,,,,,,,,,,,,,,,,,,,,,,,,,,,,,,,,,,,,,,,,,,,,,,,,,,,,,,,,,,,,,,,,,,,,,,,,,,,,,,,,,,,,,,,,,,,,,,,,,,,,,,,,,490,,25.9,,,,,,,,350,,27.6,,,,,,,,275,,28.3,,,,,,,,,,,,,,,,,,140,,30.6,,,,,,,,,,,,,,,,,,,,,,,,,,,,,,,,,,,,,,,,,,,,,,,,,,,,,,,,,,,,,,,,,,,,,,
CMSX-10N+3Ru,Hobbs et al 08,10.1016/j.msea.2007.12.045,Erickson 96,Superalloys 1996 conf. proc. ,sc,Heat treatment assumed to be standard for CMSX-10,1366,4,-,-,-,-,1152,1,871,24,760,30,65.6,1.6,3,6.8,3,5.7,8.3,5.3,0.1,0.4,0.1,0.1,,,,,,,,,,,,,,,,,,,,,,,,,,,,,,,,,,,,,,,,,,,,,,,,,,,,,,,,,,,,,,,,,,,,,,,,,,,,,,,,,,,,,,,,,,,,,,,,,,,,,,,,,,,,,,,,,,,,,,,,,,,,,,,,,,,,,,,490,,26.2,,,,,,,,350,,27.8,,,,,,,,275,,28.4,,,,,,,,,,,,,,,,,,140,,30.6,,,,,,,,,,,,,,,,,,,,,,,,,,,,,,,,,,,,,,,,,,,,,,,,,,,,,,,,,,,,,,,,,,,,,,
Alloy III,Zhang et al 10,10.1016/j.msea.2010.01.045,,,exp,,1285,2,1290,2,1295,4,1080,4,870,24,-,-,61.3,11.4,8.2,-,-,12.3,1.6,2.6,-,2.5,-,-,,,,,,,,,,,,,,,,,,,,,,,,,,,,,,,,,,,,,,,,,,,,,,,,,,,,,,,,,,,,,,,,,,,,,,,,,,,,,,,,,,,,,,,,,,,,,,,,,,,,,,,,,,,,,,,,,,,,,,,,,,,,,,,,,,,,,,1010,235,,,,21,,,19,,800,750,,,0.5,39,,,11.3,,,,,,,,,,,,,,,,,,,,,,,,,,,,,,,,,,,,,,,,,,,,,,,,,,,,,,,,,,,,,,,,,,,,,,,,,,,,,,,,,,,,,,,,,,,,,,,
Ni-4Cr-90Co-9W-2Mo-6Al-7Ta-2Re,Sugui et al 12,10.4028/www.scientific.net/MSF.706-709.2474,,,exp,,1290,1,1300,2,1315,4,1120,4,870,32,-,-,61,4,9,2,-,6,7,9,-,2,-,-,,,,,,,,,,,,,,,,,,,,,,,,,,,,,,,,,,,,,,,,,,,,,,,,,,,,,,,,,,,,,,,,,,,,,,,,,,,,,,,,,,,,,,,,,,,,,,,,,,,,,,,,,,,,,,,,,,,,,,,,,,,,,,,,,,,,,,760,810,,,,243,,,10,0.044,980,300,,,,155,,,13.3,0.055,1070,160,,,,132,,,10.6,0.063,,,,,,,,,,,,,,,,,,,,,,,,,,,,,,,,,,,,,,,,,,,,,,,,,,,,,,,,,,,,,,,,,,,,,,,,,,,,,,,,,,,,
Alloy1,Cui et al 12,Superalloys 2012 conf. proc. ,,,exp,,1100,4,-,-,-,-,650,24,760,16,-,-,71.9,14,5,-,-,2.3,-,1.2,5.6,-,-,-,,,,,,,,,,,,,,,,,,,,,,,,,,,,,,,,,,,,,,,,72.4,2.8,2.9,-,-,6.4,-,0,11.5,-,-,-,,,,,,,,,,,,,,,,,,,,,,,,,,,,,,,,,,,,,,,,,,,,,,,,,,,,,,,,,,,,,,,,,,,,,,,,,,,,,,,,,,,,,,,,,,,,,,,,,,,,,,,,,,,,,,,,,,,,,,,,,,,,,,,,,,,,,,,,,,,,,,,,,,,,,,,,,,,,,,,,,,,,,,,,,,,,,,,,,,,,,,,,,,,,,25,40.1,,,,,,
Alloy2,Cui et al 12,Superalloys 2012 conf. proc. ,,,exp,,1100,4,-,-,-,-,650,24,760,16,-,-,61.9,14,15,-,-,2.3,-,1.2,5.6,-,-,-,,,,,,,,,,,,,,,,,,,,,,,,,,,,,,,,,,,,,,,,70.8,3.2,9.4,-,-,4.2,-,0,12.2,-,-,-,,,,,,,,,,,,,,,,,,,,,,,,,,,,,,,,,,,,,,,,,,,,,,,,,,,,,,,,,,,,,,,,,,,,,,,,,,,,,,,,,,,,,,,,,,,,,,,,,,,,,,,,,,,,,,,,,,,,,,,,,,,,,,,,,,,,,,,,,,,,,,,,,,,,,,,,,,,,,,,,,,,,,,,,,,,,,,,,,,,,,,,,,,,,,25,33.3,,,,,,
Alloy3,Cui et al 12,Superalloys 2012 conf. proc. ,,,exp,,1100,4,-,-,-,-,650,24,760,16,-,-,53.9,14,23,-,-,2.3,-,1.2,5.6,-,-,-,,,,,,,,,,,,,,,,,,,,,,,,,,,,,,,,,,,,,,,,63.1,3.7,15.7,-,-,4.2,-,0,12.5,-,-,-,,,,,,,,,,,,,,,,,,,,,,,,,,,,,,,,,,,,,,,,,,,,,,,,,,,,,,,,,,,,,,,,,,,,,,,,,,,,,,,,,,,,,,,,,,,,,,,,,,,,,,,,,,,,,,,,,,,,,,,,,,,,,,,,,,,,,,,,,,,,,,,,,,,,,,,,,,,,,,,,,,,,,,,,,,,,,,,,,,,,,,,,,,,,,25,24.9,,,,,,
0Ru,Wang et al 14,10.1016/j.matdes.2014.06.009,,,exp,Cr+Mo+W+Ta content given as sum,1315,16,1325,16,-,-,1150,4,870,24,-,-,76.6,,12,5.4,-,6,,,-,,-,-,,,,,,,,,,,,,,,70,,,,,,,,,,,,,,,,,,,,,,,,,,,,,,,,,,,,,,,,,,,,,,,,,,,,,,,,,,,,,0.62,10.73,3.43,17.06,-,0.17,0.06,1.29,-,3,-,-,,,,,,,300,,,,,,,,,,,,,,,,,,,,,,,,,,,,,,,,,,,,,,,,,,,,,,,,,,,,,,,,,,,,,,,,,,,,,,,,,,,,,,,,,,,,,,,,,,,,,,,,,,,,,,,,,,,,,,,,,,,,,,,,,,,,,,,,,,,,,,,,,,,,,,,,,,,,,,,,,
3Ru,Wang et al 14,10.1016/j.matdes.2014.06.009,,,exp,Cr+Mo+W+Ta content given as sum,1315,16,1325,16,-,-,1150,4,870,24,-,-,73.6,,12,5.4,3,6,,,-,,-,-,,,,,,,,,,,,,,,70,,,,,,,,,,,,,,,,,,,,,,,,,,,,,,,,,,,,,,,,,,,,,,,,,,,,,,,,,,,,,0.58,9.44,3.11,12.98,4.61,0.18,0.06,1.29,-,2.9,-,-,,,,,,,300,,,,,,,,,,,,,,,,,,,,,,,,,,,,,,,,,,,,,,,,,,,,,,,,,,,,,,,,,,,,,,,,,,,,,,,,,,,,,,,,,,,,,,,,,,,,,,,,,,,,,,,,,,,,,,,,,,,,,,,,,,,,,,,,,,,,,,,,,,,,,,,,,,,,,,,,,
TMS-196,Sato et al 08,Superalloys 2008 conf. proc. ,,,sc,This alloy was subject of paper,1340,10,-,-,-,-,1100,4,870,16,-,-,59.7,4.6,5.6,6.4,5,5.6,5.6,5,-,2.4,-,0.1,,,,,,,,,,,,,,,64,,,,,,,,,,,,,,,,,,,,,,,,,,,,,,,,,,,,,,,,,,,,,,,,,,,,,,,,,,,,,,,,,,,,,,,,,9.01,,,,,-0.39,200,,,,,,,,,,,,,,,,,,,,,,,,,,,,,,,,,,,,,,,,,135,,31.6,,,,,,,,240,,29.4,,,,,,,,390,,27.2,,,,,,,,730,,24.9,,,,,,,,,,,,,,,,,,,,,,,,,,,,,,,,,,,,,,,,,,,,,,,,,,,,,,,,,,,,,,,,,,,,,,,,,,,,,,,,
CMSX-4,Sato et al 08,Superalloys 2008 conf. proc. ,,,sc,Comp. + density only,,,,,,,,,,,,,61.7,6.5,9,3,-,5.6,6.5,6,1,0.6,-,0.1,,,,,,,,,,,,,,,,,,,,,,,,,,,,,,,,,,,,,,,,,,,,,,,,,,,,,,,,,,,,,,,,,,,,,,,,,,,,,,,,,,,,,,,,8.7,,,,,,,,,,,,,,,,,,,,,,,,,,,,,,,,,,,,,,,,,,,,,,,,,,,,,,,,,,,,,,,,,,,,,,,,,,,,,,,,,,,,,,,,,,,,,,,,,,,,,,,,,,,,,,,,,,,,,,,,,,,,,,,,,,,,,,,,,,,,,,,,,,,,,,,,,,,,,,,
PWA 1484,Sato et al 08,Superalloys 2008 conf. proc. ,,,sc,Comp. + density only,,,,,,,,,,,,,59.3,5,10,3,-,5.6,9,6,-,2,-,0.1,,,,,,,,,,,,,,,,,,,,,,,,,,,,,,,,,,,,,,,,,,,,,,,,,,,,,,,,,,,,,,,,,,,,,,,,,,,,,,,,,,,,,,,,8.95,,,,,,,,,,,,,,,,,,,,,,,,,,,,,,,,,,,,,,,,,,,,,,,,,,,,,,,,,,,,,,,,,,,,,,,,,,,,,,,,,,,,,,,,,,,,,,,,,,,,,,,,,,,,,,,,,,,,,,,,,,,,,,,,,,,,,,,,,,,,,,,,,,,,,,,,,,,,,,,
Rene N5,Sato et al 08,Superalloys 2008 conf. proc. ,,,sc,Comp. + density only,,,,,,,,,,,,,61.6,7,8,3,-,6.2,7,5,-,2,-,0.2,,,,,,,,,,,,,,,,,,,,,,,,,,,,,,,,,,,,,,,,,,,,,,,,,,,,,,,,,,,,,,,,,,,,,,,,,,,,,,,,,,,,,,,,8.63,,,,,,,,,,,,,,,,,,,,,,,,,,,,,,,,,,,,,,,,,,,,,,,,,,,,,,,,,,,,,,,,,,,,,,,,,,,,,,,,,,,,,,,,,,,,,,,,,,,,,,,,,,,,,,,,,,,,,,,,,,,,,,,,,,,,,,,,,,,,,,,,,,,,,,,,,,,,,,,
Rene N6,Sato et al 08,Superalloys 2008 conf. proc. ,,,sc,Comp. + density only,,,,,,,,,,,,,57.4,4.2,12.5,5.4,-,5.75,7.2,6,-,1.4,-,0.15,,,,,,,,,,,,,,,,,,,,,,,,,,,,,,,,,,,,,,,,,,,,,,,,,,,,,,,,,,,,,,,,,,,,,,,,,,,,,,,,,,,,,,,,8.98,,,,,,,,,,,,,,,,,,,,,,,,,,,,,,,,,,,,,,,,,,,,,,,,,,,,,,,,,,,,,,,,,,,,,,,,,,,,,,,,,,,,,,,,,,,,,,,,,,,,,,,,,,,,,,,,,,,,,,,,,,,,,,,,,,,,,,,,,,,,,,,,,,,,,,,,,,,,,,,
CMSX-10,Sato et al 08,Superalloys 2008 conf. proc. ,,,sc,Comp. + density only,,,,,,,,,,,,,69.67,2,3,6,-,5.7,8,5,0.2,0.4,-,0.03,,,,,,,,,,,,,,,,,,,,,,,,,,,,,,,,,,,,,,,,,,,,,,,,,,,,,,,,,,,,,,,,,,,,,,,,,,,,,,,,,,,,,,,,9.05,,,,,,,,,,,,,,,,,,,,,,,,,,,,,,,,,,,,,,,,,,,,,,,,,,,,,,,,,,,,,,,,,,,,,,,,,,,,,,,,,,,,,,,,,,,,,,,,,,,,,,,,,,,,,,,,,,,,,,,,,,,,,,,,,,,,,,,,,,,,,,,,,,,,,,,,,,,,,,,
TMS-75,Sato et al 08,Superalloys 2008 conf. proc. ,,,sc,Comp. + density only,,,,,,,,,,,,,59.9,3,12,5,-,6,6,6,-,2,-,0.1,,,,,,,,,,,,,,,,,,,,,,,,,,,,,,,,,,,,,,,,,,,,,,,,,,,,,,,,,,,,,,,,,,,,,,,,,,,,,,,,,,,,,,,,8.89,,,,,,,,,,,,,,,,,,,,,,,,,,,,,,,,,,,,,,,,,,,,,,,,,,,,,,,,,,,,,,,,,,,,,,,,,,,,,,,,,,,,,,,,,,,,,,,,,,,,,,,,,,,,,,,,,,,,,,,,,,,,,,,,,,,,,,,,,,,,,,,,,,,,,,,,,,,,,,,
MX-4/PWA1497,Sato et al 08,Superalloys 2008 conf. proc. ,,,sc,Comp. + density only,,,,,,,,,,,,,50.45,2,16.5,6,3,5.6,8.3,6,-,2,-,0.15,,,,,,,,,,,,,,,,,,,,,,,,,,,,,,,,,,,,,,,,,,,,,,,,,,,,,,,,,,,,,,,,,,,,,,,,,,,,,,,,,,,,,,,,9.2,,,,,,,,,,,,,,,,,,,,,,,,,,,,,,,,,,,,,,,,,,,,,,,,,,,,,,,,,,,,,,,,,,,,,,,,,,,,,,,,,,,,,,,,,,,,,,,,,,,,,,,,,,,,,,,,,,,,,,,,,,,,,,,,,,,,,,,,,,,,,,,,,,,,,,,,,,,,,,,
MC-NG,Sato et al 08,Superalloys 2008 conf. proc. ,,,sc,Comp. + density only,,,,,,,,,,,,,70.4,4,-,4,4,6,5,5,0.5,1,-,0.1,,,,,,,,,,,,,,,,,,,,,,,,,,,,,,,,,,,,,,,,,,,,,,,,,,,,,,,,,,,,,,,,,,,,,,,,,,,,,,,,,,,,,,,,8.75,,,,,,,,,,,,,,,,,,,,,,,,,,,,,,,,,,,,,,,,,,,,,,,,,,,,,,,,,,,,,,,,,,,,,,,,,,,,,,,,,,,,,,,,,,,,,,,,,,,,,,,,,,,,,,,,,,,,,,,,,,,,,,,,,,,,,,,,,,,,,,,,,,,,,,,,,,,,,,,
TMS-138,Sato et al 08,Superalloys 2008 conf. proc. ,,,sc,Comp. + density only,,,,,,,,,,,,,63.7,3.2,5.8,5,2,5.8,5.6,5.9,-,2.9,-,0.1,,,,,,,,,,,,,,,,,,,,,,,,,,,,,,,,,,,,,,,,,,,,,,,,,,,,,,,,,,,,,,,,,,,,,,,,,,,,,,,,,,,,,,,,8.95,,,,,,,,,,,,,,,,,,,,,,,,,,,,,,,,,,,,,,,,,,,,,,,,,,,,,,,,,,,,,,,,,,,,,,,,,,,,,,,,,,,,,,,,,,,,,,,,,,,,,,,,,,,,,,,,,,,,,,,,,,,,,,,,,,,,,,,,,,,,,,,,,,,,,,,,,,,,,,,
TMS-138A,Sato et al 08,Superalloys 2008 conf. proc. ,,,sc,Comp. + density only,,,,,,,,,,,,,61.7,3.2,5.8,5.8,3.6,5.7,5.6,5.6,-,2.9,-,0.1,,,,,,,,,,,,,,,,,,,,,,,,,,,,,,,,,,,,,,,,,,,,,,,,,,,,,,,,,,,,,,,,,,,,,,,,,,,,,,,,,,,,,,,,9.01,,,,,,,,,,,,,,,,,,,,,,,,,,,,,,,,,,,,,,,,,,,,,,,,,,,,,,,,,,,,,,,,,,,,,,,,,,,,,,,,,,,,,,,,,,,,,,,,,,,,,,,,,,,,,,,,,,,,,,,,,,,,,,,,,,,,,,,,,,,,,,,,,,,,,,,,,,,,,,,
TMS-162,Sato et al 08,Superalloys 2008 conf. proc. ,,,sc,Comp. + density only,,,,,,,,,,,,,59.1,3,5.8,4.9,6,5.8,5.6,5.8,-,3.9,-,0.1,,,,,,,,,,,,,,,,,,,,,,,,,,,,,,,,,,,,,,,,,,,,,,,,,,,,,,,,,,,,,,,,,,,,,,,,,,,,,,,,,,,,,,,,9.04,,,,,,,,,,,,,,,,,,,,,,,,,,,,,,,,,,,,,,,,,,,,,,,,,,,,,,,,,,,,,,,,,,,,,,,,,,,,,,,,,,,,,,,,,,,,,,,,,,,,,,,,,,,,,,,,,,,,,,,,,,,,,,,,,,,,,,,,,,,,,,,,,,,,,,,,,,,,,,,
TMS-173,Sato et al 08,Superalloys 2008 conf. proc. ,,,sc,Comp. + density only,,,,,,,,,,,,,59.8,3,5.6,6.9,5,5.6,5.6,5.6,-,2.8,-,0.1,,,,,,,,,,,,,,,,,,,,,,,,,,,,,,,,,,,,,,,,,,,,,,,,,,,,,,,,,,,,,,,,,,,,,,,,,,,,,,,,,,,,,,,,9.11,,,,,,,,,,,,,,,,,,,,,,,,,,,,,,,,,,,,,,,,,,,,,,,,,,,,,,,,,,,,,,,,,,,,,,,,,,,,,,,,,,,,,,,,,,,,,,,,,,,,,,,,,,,,,,,,,,,,,,,,,,,,,,,,,,,,,,,,,,,,,,,,,,,,,,,,,,,,,,,
Nasair 100,Reed 2006,The Superalloys (Book),,,sc,Comp. + density only,,,,,,,,,,,,,69.25,9,-,-,-,5.75,3.3,10.5,1.2,1,-,-,,,,,,,,,,,,,,,,,,,,,,,,,,,,,,,,,,,,,,,,,,,,,,,,,,,,,,,,,,,,,,,,,,,,,,,,,,,,,,,,,,,,,,,,8.54,,,,,,,,,,,,,,,,,,,,,,,,,,,,,,,,,,,,,,,,,,,,,,,,,,,,,,,,,,,,,,,,,,,,,,,,,,,,,,,,,,,,,,,,,,,,,,,,,,,,,,,,,,,,,,,,,,,,,,,,,,,,,,,,,,,,,,,,,,,,,,,,,,,,,,,,,,,,,,,
CMSX-2,Reed 2006,The Superalloys (Book),,,sc,Comp. + density only,,,,,,,,,,,,,66.2,8,4.6,-,-,5.6,6,8,1,0.6,-,-,,,,,,,,,,,,,,,,,,,,,,,,,,,,,,,,,,,,,,,,,,,,,,,,,,,,,,,,,,,,,,,,,,,,,,,,,,,,,,,,,,,,,,,,8.6,,,,,,,,,,,,,,,,,,,,,,,,,,,,,,,,,,,,,,,,,,,,,,,,,,,,,,,,,,,,,,,,,,,,,,,,,,,,,,,,,,,,,,,,,,,,,,,,,,,,,,,,,,,,,,,,,,,,,,,,,,,,,,,,,,,,,,,,,,,,,,,,,,,,,,,,,,,,,,,
CMSX-6,Reed 2006,The Superalloys (Book),,,sc,Comp. + density only,,,,,,,,,,,,,70.6,9.8,5,-,-,4.8,2,-,4.7,3,-,0.1,,,,,,,,,,,,,,,,,,,,,,,,,,,,,,,,,,,,,,,,,,,,,,,,,,,,,,,,,,,,,,,,,,,,,,,,,,,,,,,,,,,,,,,,7.98,,,,,,,,,,,,,,,,,,,,,,,,,,,,,,,,,,,,,,,,,,,,,,,,,,,,,,,,,,,,,,,,,,,,,,,,,,,,,,,,,,,,,,,,,,,,,,,,,,,,,,,,,,,,,,,,,,,,,,,,,,,,,,,,,,,,,,,,,,,,,,,,,,,,,,,,,,,,,,,
PWA 1480,Reed 2006,The Superalloys (Book),,,sc,Comp. + density only,,,,,,,,,,,,,62.5,10,5,-,-,5,12,4,1.5,-,-,-,,,,,,,,,,,,,,,,,,,,,,,,,,,,,,,,,,,,,,,,,,,,,,,,,,,,,,,,,,,,,,,,,,,,,,,,,,,,,,,,,,,,,,,,8.7,,,,,,,,,,,,,,,,,,,,,,,,,,,,,,,,,,,,,,,,,,,,,,,,,,,,,,,,,,,,,,,,,,,,,,,,,,,,,,,,,,,,,,,,,,,,,,,,,,,,,,,,,,,,,,,,,,,,,,,,,,,,,,,,,,,,,,,,,,,,,,,,,,,,,,,,,,,,,,,
SRR99,Reed 2006,The Superalloys (Book),,,sc,Comp. + density only,,,,,,,,,,,,,66.3,8,5,-,-,5.5,3,10,2.2,-,-,-,,,,,,,,,,,,,,,,,,,,,,,,,,,,,,,,,,,,,,,,,,,,,,,,,,,,,,,,,,,,,,,,,,,,,,,,,,,,,,,,,,,,,,,,8.56,,,,,,,,,,,,,,,,,,,,,,,,,,,,,,,,,,,,,,,,,,,,,,,,,,,,,,,,,,,,,,,,,,,,,,,,,,,,,,,,,,,,,,,,,,,,,,,,,,,,,,,,,,,,,,,,,,,,,,,,,,,,,,,,,,,,,,,,,,,,,,,,,,,,,,,,,,,,,,,
RR2000,Reed 2006,The Superalloys (Book),,,sc,Comp. + density only,,,,,,,,,,,,,62.5,10,15,-,-,5.5,-,-,4,3,-,-,,,,,,,,,,,,,,,,,,,,,,,,,,,,,,,,,,,,,,,,,,,,,,,,,,,,,,,,,,,,,,,,,,,,,,,,,,,,,,,,,,,,,,,,7.87,,,,,,,,,,,,,,,,,,,,,,,,,,,,,,,,,,,,,,,,,,,,,,,,,,,,,,,,,,,,,,,,,,,,,,,,,,,,,,,,,,,,,,,,,,,,,,,,,,,,,,,,,,,,,,,,,,,,,,,,,,,,,,,,,,,,,,,,,,,,,,,,,,,,,,,,,,,,,,,
Rene N4,Reed 2006,The Superalloys (Book),,,sc,Comp. + density only,,,,,,,,,,,,,62.6,9,8,-,-,3.7,4,6,4.2,2,0.5,-,,,,,,,,,,,,,,,,,,,,,,,,,,,,,,,,,,,,,,,,,,,,,,,,,,,,,,,,,,,,,,,,,,,,,,,,,,,,,,,,,,,,,,,,8.56,,,,,,,,,,,,,,,,,,,,,,,,,,,,,,,,,,,,,,,,,,,,,,,,,,,,,,,,,,,,,,,,,,,,,,,,,,,,,,,,,,,,,,,,,,,,,,,,,,,,,,,,,,,,,,,,,,,,,,,,,,,,,,,,,,,,,,,,,,,,,,,,,,,,,,,,,,,,,,,
AM1,Reed 2006,The Superalloys (Book),,,sc,Comp. + density only,,,,,,,,,,,,,63.8,7.8,6.5,-,-,5.2,7.9,5.7,1.1,2,-,-,,,,,,,,,,,,,,,,,,,,,,,,,,,,,,,,,,,,,,,,,,,,,,,,,,,,,,,,,,,,,,,,,,,,,,,,,,,,,,,,,,,,,,,,8.6,,,,,,,,,,,,,,,,,,,,,,,,,,,,,,,,,,,,,,,,,,,,,,,,,,,,,,,,,,,,,,,,,,,,,,,,,,,,,,,,,,,,,,,,,,,,,,,,,,,,,,,,,,,,,,,,,,,,,,,,,,,,,,,,,,,,,,,,,,,,,,,,,,,,,,,,,,,,,,,
AM3,Reed 2006,The Superalloys (Book),,,sc,Comp. + density only,,,,,,,,,,,,,67.75,8,5.5,-,-,6,3.5,5,2,2.25,-,-,,,,,,,,,,,,,,,,,,,,,,,,,,,,,,,,,,,,,,,,,,,,,,,,,,,,,,,,,,,,,,,,,,,,,,,,,,,,,,,,,,,,,,,,8.25,,,,,,,,,,,,,,,,,,,,,,,,,,,,,,,,,,,,,,,,,,,,,,,,,,,,,,,,,,,,,,,,,,,,,,,,,,,,,,,,,,,,,,,,,,,,,,,,,,,,,,,,,,,,,,,,,,,,,,,,,,,,,,,,,,,,,,,,,,,,,,,,,,,,,,,,,,,,,,,
TMS-6,Reed 2006,The Superalloys (Book),,,sc,Comp. + density only,,,,,,,,,,,,,66.4,9.2,-,-,-,5.3,10.4,8.7,-,-,-,-,,,,,,,,,,,,,,,,,,,,,,,,,,,,,,,,,,,,,,,,,,,,,,,,,,,,,,,,,,,,,,,,,,,,,,,,,,,,,,,,,,,,,,,,8.9,,,,,,,,,,,,,,,,,,,,,,,,,,,,,,,,,,,,,,,,,,,,,,,,,,,,,,,,,,,,,,,,,,,,,,,,,,,,,,,,,,,,,,,,,,,,,,,,,,,,,,,,,,,,,,,,,,,,,,,,,,,,,,,,,,,,,,,,,,,,,,,,,,,,,,,,,,,,,,,
TMS-12,Reed 2006,The Superalloys (Book),,,sc,Comp. + density only,,,,,,,,,,,,,67.7,6.6,-,-,-,5.2,7.7,12.8,-,-,-,-,,,,,,,,,,,,,,,,,,,,,,,,,,,,,,,,,,,,,,,,,,,,,,,,,,,,,,,,,,,,,,,,,,,,,,,,,,,,,,,,,,,,,,,,9.07,,,,,,,,,,,,,,,,,,,,,,,,,,,,,,,,,,,,,,,,,,,,,,,,,,,,,,,,,,,,,,,,,,,,,,,,,,,,,,,,,,,,,,,,,,,,,,,,,,,,,,,,,,,,,,,,,,,,,,,,,,,,,,,,,,,,,,,,,,,,,,,,,,,,,,,,,,,,,,,
MC2,Reed 2006,The Superalloys (Book),,,sc,Comp. + density only,,,,,,,,,,,,,64.5,8,5,-,-,5,6,8,1.5,2,-,-,,,,,,,,,,,,,,,,,,,,,,,,,,,,,,,,,,,,,,,,,,,,,,,,,,,,,,,,,,,,,,,,,,,,,,,,,,,,,,,,,,,,,,,,8.63,,,,,,,,,,,,,,,,,,,,,,,,,,,,,,,,,,,,,,,,,,,,,,,,,,,,,,,,,,,,,,,,,,,,,,,,,,,,,,,,,,,,,,,,,,,,,,,,,,,,,,,,,,,,,,,,,,,,,,,,,,,,,,,,,,,,,,,,,,,,,,,,,,,,,,,,,,,,,,,
TMS-82+,Reed 2006,The Superalloys (Book),,,sc,Comp. + density only,,,,,,,,,,,,,62.4,4.9,7.8,2.4,-,5.3,6,8.7,0.5,1.9,-,0.1,,,,,,,,,,,,,,,,,,,,,,,,,,,,,,,,,,,,,,,,,,,,,,,,,,,,,,,,,,,,,,,,,,,,,,,,,,,,,,,,,,,,,,,,8.93,,,,,,,,,,,,,,,,,,,,,,,,,,,,,,,,,,,,,,,,,,,,,,,,,,,,,,,,,,,,,,,,,,,,,,,,,,,,,,,,,,,,,,,,,,,,,,,,,,,,,,,,,,,,,,,,,,,,,,,,,,,,,,,,,,,,,,,,,,,,,,,,,,,,,,,,,,,,,,,
MC-NG,Reed 2006,The Superalloys (Book),,,sc,Comp. + density only,,,,,,,,,,,,,70.2,4,0.2,4,4,6,5,5,0.5,1,-,0.1,,,,,,,,,,,,,,,,,,,,,,,,,,,,,,,,,,,,,,,,,,,,,,,,,,,,,,,,,,,,,,,,,,,,,,,,,,,,,,,,,,,,,,,,8.75,,,,,,,,,,,,,,,,,,,,,,,,,,,,,,,,,,,,,,,,,,,,,,,,,,,,,,,,,,,,,,,,,,,,,,,,,,,,,,,,,,,,,,,,,,,,,,,,,,,,,,,,,,,,,,,,,,,,,,,,,,,,,,,,,,,,,,,,,,,,,,,,,,,,,,,,,,,,,,,
CMSX-10K,Koizumi et al 04,Superalloys 2004 conf. proc. ,,,sc,Averaged over complicated solution heat treatment,1316,1,1341,11,1363,33,1152,6,871,24,760,30,69.57,2,3,6,-,5.7,8,5,0.2,0.4,0.1,0.03,,,,,,,,,,,,,,,,,,,,,,,,,,,,,,,,,,,,,,,,,,,,,,,,,,,,,,,,,,,,,,,,,,,,,,,,,,,,,,,,,,,,,,,,,,,,,,,,,,,,,,,,,,,,,,,,,,,,,,,,,,,,,,,,,,,,,,1100,137,,,258,335,,,5.3,1.4,,,,,,,,,,,,,,,,,,,,,,,,,,,,,,,,,,,,,,,,,,,,,,,,,,,,,,,,,,,,,,,,,,,,,,,,,,,,,,,,,,,,,,,,,,,,,,,,,,,,,,,,
TMS-75,Koizumi et al 04,Superalloys 2004 conf. proc. ,,,sc,,1300,1,1320,5,-,-,1100,4,70,20,-,-,59.9,3,12,5,-,6,6,6,-,2,-,0.1,,,,,,,,,,,,,,,,,,,,,,,,,,,,,,,,,,,,,,,,,,,,,,,,,,,,,,,,,,,,,,,,,,,,,,,,,,,,,,,,,,,,,,,,,,,,,,,,,,,,,,,,,,,,,,,,,,,,,,,,,,,,,,,,,,,,,,,,,,,,,,,,,,,,,,,,,,,,,,,,,,,,,,,,,,,,,,,,,,,,,,,,,,,,,,,,,,,,,,,,,,,,,,,,,,,,,,,,,,,,,,,,,,,,,,,,,,,,,,,,,,,,,,,
TMS-138,Koizumi et al 04,Superalloys 2004 conf. proc. ,,,sc,,1300,1,1340,5,-,-,1100,4,70,20,-,-,63.9,2.9,5.9,4.9,2,5.9,5.6,5.9,-,2.9,-,0.1,,,,,,,,,,,,,,,,,,,,,,,,,,,,,,,,,,,,,,,,,,,,,,,,,,,,,,,,,,,,,,,,,,,,,,,,,,,,,,,,,,,,,,,,,,,,,,,,,,,,,,,,,,,,,,,,,,,,,,,,,,,,,,,,,,,,,,1100,137,,,343,412,,,7,0.3,1000,245,,,,381,,,26,,800,735,,,6.1,103,,,23.4,,,,,,,,,,,,,,,,,,,,,,,,,,,,,,,,,,,,,,,,,,,,,,,,,,,,,,,,,,,,,,,,,,,,,,,,,,,,,,,,,,,,,
TMS-138NbRu,Koizumi et al 04,Superalloys 2004 conf. proc. ,,,sc,,1280,1,1310,5,-,-,1100,4,70,20,-,-,61.2,2.8,5.6,4.7,5,5.6,5.6,5.6,-,2.8,1,0.1,,,,,,,,,,,,,,,,,,,,,,,,,,,,,,,,,,,,,,,,,,,,,,,,,,,,,,,,,,,,,,,,,,,,,,,,,,,,,,,,,,,,,,,,,,,,,,,,,,,,,,,,,,,,,,,,,,,,,,,,,,,,,,,,,,,,,,1100,137,,,292,405,,,11.9,,1000,245,,,,401,,,31.9,,800,735,,,234,630,,,9.4,,,,,,,,,,,,,,,,,,,,,,,,,,,,,,,,,,,,,,,,,,,,,,,,,,,,,,,,,,,,,,,,,,,,,,,,,,,,,,,,,,,,,
TMS-138TaRu,Koizumi et al 04,Superalloys 2004 conf. proc. ,,,sc,,1300,1,1330,5,-,-,1100,4,70,20,-,-,59.9,2.8,5.6,4.7,5,5.6,7.9,5.6,-,2.8,-,0.1,,,,,,,,,,,,,,,,,,,,,,,,,,,,,,,,,,,,,,,,,,,,,,,,,,,,,,,,,,,,,,,,,,,,,,,,,,,,,,,,,,,,,,,,,,,,,,,,,,,,,,,,,,,,,,,,,,,,,,,,,,,,,,,,,,,,,,1100,137,,,457,540,,,7.8,,1000,245,,,,445,,,29.1,,800,735,,,262,781,,,9,,,,,,,,,,,,,,,,,,,,,,,,,,,,,,,,,,,,,,,,,,,,,,,,,,,,,,,,,,,,,,,,,,,,,,,,,,,,,,,,,,,,,
TMS-173,Koizumi et al 04,Superalloys 2004 conf. proc. ,,,sc,,1300,1,1330,5,-,-,1100,4,70,20,-,-,60,2.8,5.6,6.9,5,5.6,5.6,5.6,-,2.8,-,0.1,,,,,,,,,,,,,,,,,,,,,,,,,,,,,,,,,,,,,,,,,,,,,,,,,,,,,,,,,,,,,,,,,,,,,,,,,,,,,,,,,,,,,,,,,,,,,,,,,,,,,,,,,,,,,,,,,,,,,,,,,,,,,,,,,,,,,,1100,137,,,698,965,,,11.7,,1000,245,,,304,706,,,18.5,,800,735,,,551,896,,,6.8,,,,,,,,,,,,,,,,,,,,,,,,,,,,,,,,,,,,,,,,,,,,,,,,,,,,,,,,,,,,,,,,,,,,,,,,,,,,,,,,,,,,,
TMS-162,Koizumi et al 04,Superalloys 2004 conf. proc. ,,,sc,,1300,1,1330,5,-,-,1100,4,70,20,-,-,59.2,2.9,5.8,4.9,6,5.8,5.6,5.8,-,3.9,-,0.1,,,,,,,,,,,,,,,,,,,,,,,,,,,,,,,,,,,,,,,,,,,,,,,,,,,,,,,,,,,,,,,,,,,,,,,,,,,,,,,,,,,,,,,,9.04,,,,,,,,,,,,,,,,,,,,,,,,,,,,,,,,,,,,,,,,,,,,,,1100,137,,,833,1254,,,11.5,0.11,1000,245,,,566,938,,,15.5,,800,735,,,512,704,,,6.7,,,,,,,,,,,,,,,,,,,,,,,,,,,,,,,,,,,,,,,,,,,,,,,,,,,,,,,,,,,,,,,,,,,,,,,,,,,,,,,,,,,,,
